Structure,Molecule name,CAS,SMILES,ID_DB_source,,ID_DB_maestra,ID_concatenada,DB source,DB subsource,Risk assessment class,Human eco,Species,Exposure route,Standard value,LD50,LD50 units,MM (g/mol),Operación,pLD50,,Reference DB source,URL,,ToxVal_ID,Chemical_ID
,4-Vinylcyclohexene,100-40-3,C=CC1CC=CCC1,DTXSID3021437,,1,1_OPPTDB,EPA OPPT,-,acute,human health,rabbit,dermal,=,16598,mg/kg-day,108.183,0.1534,0.8141,,-,https://nepis.epa.gov/,,183806,ToxVal00039_7315a06c7e48e7f7
,Benzenemethanethiol,100-53-8,SCc1ccccc1,DTXSID6026664,,2,2_OPPTDB,EPA OPPT,-,acute,human health,rat,dermal,>,2000,mg/kg-day,124.207,0.0161,1.7931,,-,https://nepis.epa.gov/,,183807,ToxVal00039_e49151b1c54dface
,2-Vinylpyridine,100-69-6,C=Cc1ncccc1,DTXSID1026667,,3,3_OPPTDB,EPA OPPT,-,acute,human health,rabbit,dermal,=,640,mg/kg-day,105.14,0.0061,2.2156,,-,https://nepis.epa.gov/,,183808,ToxVal00039_e2ec4c030913d620
,Diphenyl oxide,101-84-8,c(cc1)ccc1Oc1ccccc1,DTXSID9021847,,4,4_OPPTDB,EPA OPPT,-,acute,human health,rabbit,dermal,>,7940,mg/kg-day,170.21,0.0466,1.3312,,-,https://nepis.epa.gov/,,183809,ToxVal00039_40622ca295931663
,N-Oxydiethylene-2-benzothiazylsulfenamide,102-77-2,,DTXSID0021096,,5,5_OPPTDB,EPA OPPT,-,acute,human health,rabbit,dermal,>,5010,mg/kg-day,,#¡DIV/0!,#¡DIV/0!,,-,https://nepis.epa.gov/,,183810,ToxVal00039_bfa66a011bb182de
,"2,2'-[1,4-Phenylenebis(oxy)]diethanol",104-38-1,OCCOc(cc1)ccc1OCCO,DTXSID5026702,,6,6_OPPTDB,EPA OPPT,-,acute,human health,rat,dermal,>,2000,mg/kg-day,198.217,0.0101,1.9961,,-,https://nepis.epa.gov/,,183811,ToxVal00039_f67f5c02e2566a4c
,"N1,N3-Bis(1,3-dimethylbutylidene)diethylenetriamine",10595-60-5,,DTXSID0027727,,7,7_OPPTDB,EPA OPPT,-,acute,human health,rabbit,dermal,>,1752,mg/kg-day,,#¡DIV/0!,#¡DIV/0!,,-,https://nepis.epa.gov/,,183812,ToxVal00039_e0ce66b1c7c8f115
,Carbendazim,10605-21-7,COC(Nc1nc(cccc2)c2[nH]1)=O,DTXSID4024729,,8,8_OPPTDB,EPA OPPT,-,acute,human health,unknown,dermal,>,2000,mg/kg-day,191.189,0.0105,1.9804,,-,https://nepis.epa.gov/,,183813,ToxVal00039_39d555a583a39f49
,"1,2-Dibromoethane",106-93-4,BrCCBr,DTXSID3020415,,9,9_OPPTDB,EPA OPPT,-,acute,human health,rabbit,dermal,<,1090,mg/kg-day,187.862,0.0058,2.2364,,-,https://nepis.epa.gov/,,183814,ToxVal00039_010452c75368f824
,"1,2-Dibromoethane",106-93-4,BrCCBr,DTXSID3020415,,10,10_OPPTDB,EPA OPPT,-,acute,human health,rabbit,dermal,<,650,mg/kg-day,187.862,0.0035,2.4609,,-,https://nepis.epa.gov/,,183815,ToxVal00039_010452c75368f824
,"1,2-Dibromoethane",106-93-4,BrCCBr,DTXSID3020415,,11,11_OPPTDB,EPA OPPT,-,acute,human health,rabbit,dermal,<,,-,187.862,0.0000,#¡NUM!,,-,https://nepis.epa.gov/,,183816,ToxVal00039_010452c75368f824
,tert-Octylamine,107-45-9,CC(C)(C)CC(C)(C)N,DTXSID0021886,,12,12_OPPTDB,EPA OPPT,-,acute,human health,rabbit,dermal,=,2442,mg/kg-day,129.246,0.0189,1.7237,,-,https://nepis.epa.gov/,,183817,ToxVal00039_1d3c03044c918f40
,Hydroxycitronellal,107-75-5,CC(CCCC(C)(C)O)CC=O,DTXSID6042232,,13,13_OPPTDB,EPA OPPT,-,acute,human health,rabbit,dermal,>,2000,mg/kg-day,172.267,0.0116,1.9352,,-,https://nepis.epa.gov/,,183818,ToxVal00039_e7d4085dcfe361ca
,Cyanuric acid,108-80-5,O=C(NC(N1)=O)NC1=O,DTXSID7024873,,14,14_OPPTDB,EPA OPPT,-,acute,human health,rabbit,dermal,>,5000,mg/kg-day,129.075,0.0387,1.4119,,-,https://nepis.epa.gov/,,183819,ToxVal00039_b84033a737c7dcf3
,"2,6-Dimethyl-4-heptanol",108-82-7,CC(C)CC(CC(C)C)O,DTXSID8026802,,15,15_OPPTDB,EPA OPPT,-,acute,human health,rabbit,dermal,=,4591,mg/kg-day,144.257,0.0318,1.4972,,-,https://nepis.epa.gov/,,183820,ToxVal00039_9f17fd29f3b5ec34
,Cyclohexanol,108-93-0,OC1CCCCC1,DTXSID4021894,,16,16_OPPTDB,EPA OPPT,-,acute,human health,rabbit,dermal,<,794,mg/kg-day,100.16,0.0079,2.1009,,-,https://nepis.epa.gov/,,183821,ToxVal00039_385a33492cf4591e
,"Acetonitrile, 2,2',2'',2'''-(1,3-propanediyldinitrilo)tetrakis-",110057-45-9,N#CCN(CCCN(CC#N)CC#N)CC#N,DTXSID70888837,,17,17_OPPTDB,EPA OPPT,-,acute,human health,rat,dermal,>,2000,mg/kg-day,230.274,0.0087,2.0612,,-,https://nepis.epa.gov/,,183822,ToxVal00039_f76a8593350858b5
,"N,N,N',N'-Tetramethylethylenediamine",110-18-9,CN(C)CCN(C)C,DTXSID5026122,,18,18_OPPTDB,EPA OPPT,-,acute,human health,rabbit,dermal,=,1230,mg/kg-day,116.207,0.0106,1.9753,,-,https://nepis.epa.gov/,,183823,ToxVal00039_37c4d61a5fa441d1
,"1,5-Cyclooctadiene",111-78-4,C1C=CCCC=CC1,DTXSID0026888,,19,19_OPPTDB,EPA OPPT,-,acute,human health,rat,dermal,>,3520,mg/kg-day,108.183,0.0325,1.4876,,-,https://nepis.epa.gov/,,183824,ToxVal00039_fd67c401cc1674ea
,"1,5-Cyclooctadiene",111-78-4,C1C=CCCC=CC1,DTXSID0026888,,20,20_OPPTDB,EPA OPPT,-,acute,human health,rat,dermal,>,3520,mg/kg-day,108.183,0.0325,1.4876,,-,https://nepis.epa.gov/,,183825,ToxVal00039_fd67c401cc1674ea
,Chlorendic anhydride,115-27-5,O=C(C(C1C(C2(Cl)Cl)(C(Cl)=C3Cl)Cl)C23Cl)OC1=O,DTXSID2026941,,21,21_OPPTDB,EPA OPPT,-,acute,human health,rabbit,dermal,<,20000,mg/kg-day,370.83,0.0539,1.2681,,-,https://nepis.epa.gov/,,183826,ToxVal00039_72ec045c3f60e6e7
,Tetrachlorophthalic anhydride,117-08-8,O=C(c(c1c(c(Cl)c2Cl)Cl)c2Cl)OC1=O,DTXSID7026102,,22,22_OPPTDB,EPA OPPT,-,acute,human health,rabbit,dermal,>,5010,mg/kg-day,285.897,0.0175,1.7564,,-,https://nepis.epa.gov/,,183827,ToxVal00039_608e5e29ab025ddc
,Zinc naphthenate,12001-85-3,[O-]C(c1cc2ccccc2cc1)=O.[O-]C(c1cc2ccccc2cc1)=O.[Zn+2],DTXSID4027735,,23,23_OPPTDB,EPA OPPT,-,acute,human health,rabbit,dermal,>,2000,mg/kg-day,407.739,0.0049,2.3094,,-,https://nepis.epa.gov/,,183828,ToxVal00039_2cb3d53a2eca6695
,Zinc naphthenate,12001-85-3,[O-]C(c1cc2ccccc2cc1)=O.[O-]C(c1cc2ccccc2cc1)=O.[Zn+2],DTXSID4027735,,24,24_OPPTDB,EPA OPPT,-,acute,human health,rabbit,dermal,>,2000,mg/kg-day,407.739,0.0049,2.3094,,-,https://nepis.epa.gov/,,183829,ToxVal00039_2cb3d53a2eca6695
,Ethylenebis(oxyethylene) dibenzoate,120-56-9,O=C(c1ccccc1)OCCOCCOCCOC(c1ccccc1)=O,DTXSID7029611,,25,25_OPPTDB,EPA OPPT,-,acute,human health,rat,dermal,>,2000,mg/kg-day,358.389,0.0056,2.2533,,-,https://nepis.epa.gov/,,183830,ToxVal00039_8d1003fac6f4b2c6
,"2,6,8-Trimethyl-4-nonanone",123-18-2,CC(C)CC(C)CC(CC(C)C)=O,DTXSID7026998,,26,26_OPPTDB,EPA OPPT,-,acute,human health,rabbit,dermal,=,9030,mg/kg-day,184.322,0.0490,1.3099,,-,https://nepis.epa.gov/,,183831,ToxVal00039_3bb272a269ff7f8c
,"2,6,8-Trimethyl-4-nonanone",123-18-2,CC(C)CC(C)CC(CC(C)C)=O,DTXSID7026998,,27,27_OPPTDB,EPA OPPT,-,acute,human health,rabbit,dermal,=,9030,mg/kg-day,184.322,0.0490,1.3099,,-,https://nepis.epa.gov/,,183832,ToxVal00039_b4f5679cdbf2b27e
,2-Amino-2-methylpropan-1-ol,124-68-5,CC(C)(CO)N,DTXSID8027032,,28,28_OPPTDB,EPA OPPT,-,acute,human health,rabbit,dermal,>,2000,mg/kg-day,89.1373,0.0224,1.6490,,-,https://nepis.epa.gov/,,183833,ToxVal00039_bcdfbbe3c3212e5f
,"Benzene, ethenyl-, ar-bromo derivs.",125904-11-2,C=Cc(cccc1)c1Br,DTXSID6029094,,29,29_OPPTDB,EPA OPPT,-,acute,human health,rabbit,dermal,>,200,mg/kg-day,183.048,0.0011,2.9615,,-,https://nepis.epa.gov/,,183834,ToxVal00039_343da1cb96b96653
,"Benzene, ethenyl-, ar-bromo derivs.",125904-11-2,C=Cc(cccc1)c1Br,DTXSID6029094,,30,30_OPPTDB,EPA OPPT,-,acute,human health,rabbit,dermal,>,2000,mg/kg-day,183.048,0.0109,1.9615,,-,https://nepis.epa.gov/,,183835,ToxVal00039_343da1cb96b96653
,"Phosphoric trichloride, polymer with 1,3-benzenediol, phenyl ester",125997-21-9,,DTXSID9029855,,31,31_OPPTDB,EPA OPPT,-,acute,human health,rat,dermal,>,2000,mg/kg-day,,#¡DIV/0!,#¡DIV/0!,,-,https://nepis.epa.gov/,,183836,ToxVal00039_9b68dec97210260b
,Lyral,130066-44-3,CC(C)(CCCC(CC1)=CCC1C=O)O,DTXSID901052281,,32,32_OPPTDB,EPA OPPT,-,acute,human health,rabbit,dermal,>,5000,mg/kg-day,210.316,0.0238,1.6239,,-,https://nepis.epa.gov/,,183837,ToxVal00039_1a7fe5aeb4b1e42a
,"Benzoic acid, C9-11-branched alkyl esters",131298-44-7,,DTXSID3029100,,33,33_OPPTDB,EPA OPPT,-,acute,human health,rabbit,dermal,>,2000,mg/kg-day,,#¡DIV/0!,#¡DIV/0!,,-,https://nepis.epa.gov/,,183838,ToxVal00039_9f410706a16b8937
,Tris(methylphenyl) phosphate,1330-78-5,Cc(cccc1)c1OP(Oc1c(C)cccc1)(Oc1c(C)cccc1)=O,DTXSID4021391,,34,34_OPPTDB,EPA OPPT,-,acute,human health,rabbit,dermal,>,10000,mg/kg-day,368.368,0.0271,1.5663,,-,https://nepis.epa.gov/,,183839,ToxVal00039_dfce7f45e0e63d93
,Tris(methylphenyl) phosphate,1330-78-5,Cc(cccc1)c1OP(Oc1c(C)cccc1)(Oc1c(C)cccc1)=O,DTXSID4021391,,35,35_OPPTDB,EPA OPPT,-,acute,human health,unknown,dermal,>,7900,mg/kg-day,368.368,0.0214,1.6687,,-,https://nepis.epa.gov/,,183840,ToxVal00039_dfce7f45e0e63d93
,Dechlorane Plus,13560-89-9,ClC(C(CCC(C(CC1)C(C2(Cl)Cl)(C(Cl)=C3Cl)Cl)C23Cl)C1C12Cl)(C1(Cl)Cl)C(Cl)=C2Cl,DTXSID7027750,,36,36_OPPTDB,EPA OPPT,-,acute,human health,rabbit,dermal,>,8000,mg/kg-day,653.729,0.0122,1.9123,,-,https://nepis.epa.gov/,,183841,ToxVal00039_b030b549905f8c62
,Zinc dibutyldithiocarbamate,136-23-2,CCCCN(CCCC)C([S-])=S.CCCCN(CCCC)C([S-])=S.[Zn+2],DTXSID0021462,,37,37_OPPTDB,EPA OPPT,-,acute,human health,rabbit,dermal,>,2000,mg/kg-day,474.152,0.0042,2.3749,,-,https://nepis.epa.gov/,,183842,ToxVal00039_d912a44d1cd1cf04
,Butyl ether,142-96-1,CCCCOCCCC,DTXSID1022007,,38,38_OPPTDB,EPA OPPT,-,acute,human health,rabbit,dermal,=,7741,mg/kg-day,130.23,0.0594,1.2259,,-,https://nepis.epa.gov/,,183843,ToxVal00039_1a99acac4ab70fb3
,Bis(butoxyethoxyethoxy)methane,143-29-3,CCCCOCCOCCOCOCCOCCOCCCC,DTXSID3027112,,39,39_OPPTDB,EPA OPPT,-,acute,human health,rat,dermal,>,2000,mg/kg-day,336.467,0.0059,2.2259,,-,https://nepis.epa.gov/,,183844,ToxVal00039_0333ab7fc9808976
,Bis(butoxyethoxyethoxy)methane,143-29-3,CCCCOCCOCCOCOCCOCCOCCCC,DTXSID3027112,,40,40_OPPTDB,EPA OPPT,-,acute,human health,rabbit,dermal,>,2000,mg/kg-day,336.467,0.0059,2.2259,,-,https://nepis.epa.gov/,,183845,ToxVal00039_0333ab7fc9808976
,4-Methoxyphenol,150-76-5,COc(cc1)ccc1O,DTXSID4020828,,41,41_OPPTDB,EPA OPPT,-,acute,human health,rabbit,dermal,>,2000,mg/kg-day,124.139,0.0161,1.7929,,-,https://nepis.epa.gov/,,183846,ToxVal00039_ebbb917b81a2e531
,"1-Dodecene, polymer with 1-decene, hydrogenated",151006-60-9,,DTXSID30107910,,42,42_OPPTDB,EPA OPPT,-,acute,human health,rat,dermal,>,2000,mg/kg-day,,#¡DIV/0!,#¡DIV/0!,,-,https://nepis.epa.gov/,,183847,ToxVal00039_4de1cc5166d4ea5d
,"1-Dodecene, trimer, hydrogenated",151006-62-1,,DTXSID90107911,,43,43_OPPTDB,EPA OPPT,-,acute,human health,rat,dermal,>,2000,mg/kg-day,,#¡DIV/0!,#¡DIV/0!,,-,https://nepis.epa.gov/,,183848,ToxVal00039_4ec75f16465f75f6
,Antimony diamyldithiocarbamate,15890-25-2,CCCCCN(CCCCC)C([S-])=S.CCCCCN(CCCCC)C([S-])=S.CCCCCN(CCCCC)C([S-])=S.[Sb+3],DTXSID5027776,,44,44_OPPTDB,EPA OPPT,-,acute,human health,rabbit,dermal,>,16000,mg/kg-day,819.064,0.0195,1.7092,,-,https://nepis.epa.gov/,,183849,ToxVal00039_235d0df891b0eea8
,Aldicarb oxime,1646-75-9,CC(C)(C=NO)SC,DTXSID9024431,,45,45_OPPTDB,EPA OPPT,-,acute,human health,rabbit,dermal,=,1900,mg/kg-day,133.214,0.0143,1.8458,,-,https://nepis.epa.gov/,,183850,ToxVal00039_53dd5cc1e2f88729
,Aldicarb oxime,1646-75-9,CC(C)(C=NO)SC,DTXSID9024431,,46,46_OPPTDB,EPA OPPT,-,acute,human health,rabbit,dermal,>,210,mg/kg-day,133.214,0.0016,2.8023,,-,https://nepis.epa.gov/,,183851,ToxVal00039_53dd5cc1e2f88729
,"2-Methylpropane-1,3-diol",2163-42-0,CC(CO)CO,DTXSID3029231,,47,47_OPPTDB,EPA OPPT,-,acute,human health,rabbit,dermal,>,2000,mg/kg-day,90.1214,0.0222,1.6538,,-,https://nepis.epa.gov/,,183854,ToxVal00039_5dd5dcadf4f2de0f
,Thiocarbazide,2231-57-4,NNC(NN)=S,DTXSID7027461,,48,48_OPPTDB,EPA OPPT,-,acute,human health,rat,dermal,>,500,mg/kg-day,106.153,0.0047,2.3270,,-,https://nepis.epa.gov/,,183855,ToxVal00039_28f6147dfddd3dbb
,ECC,2386-87-0,O=C(C1CC2OC2CC1)OCC1CC2OC2CC1,DTXSID2027466,,49,49_OPPTDB,EPA OPPT,-,acute,human health,rabbit,dermal,>,23600,mg/kg-day,252.309,0.0935,1.0290,,-,https://nepis.epa.gov/,,183856,ToxVal00039_c2f3ffc08c017dc4
,"Tris(2,3-epoxypropyl)isocyanurate",2451-62-9,O=C(N(CC1OC1)C(N1CC2OC2)=O)N(CC2OC2)C1=O,DTXSID4026262,,50,50_OPPTDB,EPA OPPT,-,acute,human health,rat,dermal,>,2000,mg/kg-day,297.266,0.0067,2.1721,,-,https://nepis.epa.gov/,,183857,ToxVal00039_35addbc4559b82c6
,"Tris(2,3-epoxypropyl)isocyanurate",2451-62-9,O=C(N(CC1OC1)C(N1CC2OC2)=O)N(CC2OC2)C1=O,DTXSID4026262,,51,51_OPPTDB,EPA OPPT,-,acute,human health,rat,dermal,>,2000,mg/kg-day,297.266,0.0067,2.1721,,-,https://nepis.epa.gov/,,183858,ToxVal00039_35addbc4559b82c6
,"Tris(2,3-epoxypropyl)isocyanurate",2451-62-9,O=C(N(CC1OC1)C(N1CC2OC2)=O)N(CC2OC2)C1=O,DTXSID4026262,,52,52_OPPTDB,EPA OPPT,-,acute,human health,rat,dermal,>,3100,mg/kg-day,297.266,0.0104,1.9818,,-,https://nepis.epa.gov/,,183859,ToxVal00039_35addbc4559b82c6
,Trixylyl phosphate,25155-23-1,Cc1cccc(OP(Oc2c(C)c(C)ccc2)(Oc2c(C)c(C)ccc2)=O)c1C,DTXSID9026267,,53,53_OPPTDB,EPA OPPT,-,acute,human health,rabbit,dermal,>,2000,mg/kg-day,410.448,0.0049,2.3122,,-,https://nepis.epa.gov/,,183860,ToxVal00039_f94c3442fdb751d5
,Diethylbenzene,25340-17-4,CCc1c(CC)cccc1,DTXSID4027866,,54,54_OPPTDB,EPA OPPT,-,acute,human health,rabbit,dermal,>,5000,mg/kg-day,134.221,0.0373,1.4289,,-,https://nepis.epa.gov/,,183861,ToxVal00039_b38ac8a592064d38
,Nonylphenolphosphite(3:1),26523-78-4,CCCCCCCCCc(cc1)ccc1OP(Oc1ccc(CCCCCCCCC)cc1)Oc1ccc(CCCCCCCCC)cc1,DTXSID8027903,,55,55_OPPTDB,EPA OPPT,-,acute,human health,rabbit,dermal,>,2000,mg/kg-day,689.014,0.0029,2.5372,,-,https://nepis.epa.gov/,,183862,ToxVal00039_23bbf2c297433bc4
,Nonylphenolphosphite(3:1),26523-78-4,CCCCCCCCCc(cc1)ccc1OP(Oc1ccc(CCCCCCCCC)cc1)Oc1ccc(CCCCCCCCC)cc1,DTXSID8027903,,56,56_OPPTDB,EPA OPPT,-,acute,human health,rat,dermal,>,2000,mg/kg-day,689.014,0.0029,2.5372,,-,https://nepis.epa.gov/,,183863,ToxVal00039_23bbf2c297433bc4
,Glycidyl neodecanoate,26761-45-5,CC(C)(C)CCCCCC(OCC1OC1)=O,DTXSID8025705,,57,57_OPPTDB,EPA OPPT,-,acute,human health,rat,dermal,>,4000,mg/kg-day,228.331,0.0175,1.7565,,-,https://nepis.epa.gov/,,183864,ToxVal00039_0e9d22d78120656e
,"1,3,5-Triazine-2,4,6(1H,3H,5H)-trione, 1,3,5-tris[[3,5-bis(1,1-dimethylethyl)-4-hydroxyphenyl]methyl]-",27676-62-6,CC(C)(C)c1cc(CN(C(N(Cc(cc2C(C)(C)C)cc(C(C)(C)C)c2O)C(N2Cc(cc3C(C)(C)C)cc(C(C)(C)C)c3O)=O)=O)C2=O)cc(C(C)(C)C)c1O,DTXSID0027935,,58,58_OPPTDB,EPA OPPT,-,acute,human health,rat,dermal,>,2000,mg/kg-day,784.091,0.0026,2.5933,,-,https://nepis.epa.gov/,,183865,ToxVal00039_25c81e67ebfa37ae
,"1,3-Bis(2-isocyanato-2-propyl)benzene",2778-42-9,CC(C)(c1cccc(C(C)(C)N=C=O)c1)N=C=O,DTXSID4027498,,59,59_OPPTDB,EPA OPPT,-,acute,human health,rabbit,dermal,>,2000,mg/kg-day,244.293,0.0082,2.0869,,-,https://nepis.epa.gov/,,183866,ToxVal00039_daa7aad9b92f0d71
,Isodecyl diphenyl phosphate,29761-21-5,CC(C)CCCCCCCOP(Oc1ccccc1)(Oc1ccccc1)=O,DTXSID3025465,,60,60_OPPTDB,EPA OPPT,-,acute,human health,rabbit,dermal,>,2010,mg/kg-day,390.458,0.0051,2.2884,,-,https://nepis.epa.gov/,,183867,ToxVal00039_694a40d3b33f8a46
,"2,2-Dichloro-1,1,1-trifluoroethane",306-83-2,FC(C(Cl)Cl)(F)F,DTXSID7020712,,61,61_OPPTDB,EPA OPPT,-,acute,human health,rabbit,dermal,>,2000,mg/kg-day,152.93,0.0131,1.8835,,-,https://nepis.epa.gov/,,183868,ToxVal00039_330360e91cf1b148
,"1,2-Dichloro-4-(trifluoromethyl)benzene",328-84-7,FC(c(cc1)cc(Cl)c1Cl)(F)F,DTXSID5027142,,62,62_OPPTDB,EPA OPPT,-,acute,human health,rabbit,dermal,>,5000,mg/kg-day,215.001,0.0233,1.6335,,-,https://nepis.epa.gov/,,183869,ToxVal00039_0d0f7e487fb08883
,"1,2-Dichloro-4-(trifluoromethyl)benzene",328-84-7,FC(c(cc1)cc(Cl)c1Cl)(F)F,DTXSID5027142,,63,63_OPPTDB,EPA OPPT,-,acute,human health,rabbit,dermal,>,5000,mg/kg-day,215.001,0.0233,1.6335,,-,https://nepis.epa.gov/,,183870,ToxVal00039_0d0f7e487fb08883
,"Benzenepropanoic acid, 3,5-bis(1,1-dimethylethyl)-4-hydroxy-, 1,6-hexanediyl ester",35074-77-2,,DTXSID0027985,,64,64_OPPTDB,EPA OPPT,-,acute,human health,rabbit,dermal,>,10000,mg/kg-day,,#¡DIV/0!,#¡DIV/0!,,-,https://nepis.epa.gov/,,183871,ToxVal00039_225d8108a0312936
,"4,4'-(4,4'-Isopropylidenediphenoxy)bisphthalic dianhydride",38103-06-9,,DTXSID3028001,,65,65_OPPTDB,EPA OPPT,-,acute,human health,rabbit,dermal,>,2000,mg/kg-day,,#¡DIV/0!,#¡DIV/0!,,-,https://nepis.epa.gov/,,183872,ToxVal00039_bd0db24e248f2c5f
,"Thiophene, tetrahydro-, 1,1-dioxide, 3-(C9-11-isoalkyloxy) derivs., C10-rich",398141-87-2,,DTXSID70109054,,66,66_OPPTDB,EPA OPPT,-,acute,human health,rabbit,dermal,<,8000,mg/kg-day,,#¡DIV/0!,#¡DIV/0!,,-,https://nepis.epa.gov/,,183873,ToxVal00039_29895820bff84776
,N-Methyl-4-nitrophthalimide,41663-84-7,CN(C(c(cc1)c2cc1[N+]([O-])=O)=O)C2=O,DTXSID7028013,,67,67_OPPTDB,EPA OPPT,-,acute,human health,rabbit,dermal,>,2000,mg/kg-day,206.157,0.0097,2.0132,,-,https://nepis.epa.gov/,,183874,ToxVal00039_37ba53ca1d5687d4
,"1,5,9-Cyclododecatriene",4904-61-4,C1C=CCCC=CCCC=CC1,DTXSID8027581,,68,68_OPPTDB,EPA OPPT,-,acute,human health,rat,dermal,>,3520,mg/kg-day,162.275,0.0217,1.6637,,-,https://nepis.epa.gov/,,183875,ToxVal00039_b33890473441131c
,C.I. Pigment Yellow 13,5102-83-0,CC(C(C(Nc1c(C)cc(C)cc1)=O)N=Nc(ccc(-c(cc1)cc(Cl)c1N=NC(C(C)=O)C(Nc1c(C)cc(C)cc1)=O)c1)c1Cl)=O,DTXSID0029268,,69,69_OPPTDB,EPA OPPT,-,acute,human health,unknown,dermal,>,3000,mg/kg-day,685.61,0.0044,2.3590,,-,https://nepis.epa.gov/,,183876,ToxVal00039_8d0aad02d0378eed
,"2,2,4-Trimethylpentane",540-84-1,CC(C)CC(C)(C)C,DTXSID7024370,,70,70_OPPTDB,EPA OPPT,-,acute,human health,rabbit,dermal,>,2000,mg/kg-day,114.231,0.0175,1.7568,,-,https://nepis.epa.gov/,,183877,ToxVal00039_8c80756861e0d951
,N-Methylphthalimide,550-44-7,CN(C(c1c2cccc1)=O)C2=O,DTXSID5027198,,71,71_OPPTDB,EPA OPPT,-,acute,human health,rabbit,dermal,>,2000,mg/kg-day,161.16,0.0124,1.9062,,-,https://nepis.epa.gov/,,183878,ToxVal00039_a4ee6f702f103e67
,Trinitroglycerin,55-63-0,[O-][N+](C(CO)(C([N+]([O-])=O)([N+]([O-])=O)O)O)=O,DTXSID1021407,,72,72_OPPTDB,EPA OPPT,-,acute,human health,unknown,dermal,>,9560,-,227.085,0.0421,1.3757,,-,https://nepis.epa.gov/,,183879,ToxVal00039_9a03fabbc8b8a00c
,Trinitroglycerin,55-63-0,[O-][N+](C(CO)(C([N+]([O-])=O)([N+]([O-])=O)O)O)=O,DTXSID1021407,,73,73_OPPTDB,EPA OPPT,-,acute,human health,rat,dermal,>,9560,mg/kg-day,227.085,0.0421,1.3757,,-,https://nepis.epa.gov/,,183880,ToxVal00039_9a03fabbc8b8a00c
,3-Chloro-2-methylpropene,563-47-3,CC(CCl)=C,DTXSID1020279,,74,74_OPPTDB,EPA OPPT,-,acute,human health,rabbit,dermal,>,2000,mg/kg-day,90.5526,0.0221,1.6559,,-,https://nepis.epa.gov/,,183881,ToxVal00039_1326c9249127389e
,Butyl propionate,590-01-2,CCCCOC(CC)=O,DTXSID5027223,,75,75_OPPTDB,EPA OPPT,-,acute,human health,rabbit,dermal,>,14008,mg/kg-day,130.186,0.1076,0.9682,,-,https://nepis.epa.gov/,,183882,ToxVal00039_0d8e6a2d0278ff93
,Butyl propionate,590-01-2,CCCCOC(CC)=O,DTXSID5027223,,76,76_OPPTDB,EPA OPPT,-,acute,human health,rabbit,dermal,>,14008,mg/kg-day,130.186,0.1076,0.9682,,-,https://nepis.epa.gov/,,183883,ToxVal00039_0d8e6a2d0278ff93
,Butyl propionate,590-01-2,CCCCOC(CC)=O,DTXSID5027223,,77,77_OPPTDB,EPA OPPT,-,acute,human health,rat,dermal,>,2000,mg/kg-day,130.186,0.0154,1.8135,,-,https://nepis.epa.gov/,,183884,ToxVal00039_0d8e6a2d0278ff93
,2-Phenylethanol,60-12-8,OCCc1ccccc1,DTXSID9026342,,78,78_OPPTDB,EPA OPPT,-,acute,human health,rabbit,dermal,=,2535,mg/kg-day,122.166,0.0208,1.6830,,-,https://nepis.epa.gov/,,183885,ToxVal00039_ffd497f4e3020f80
,2-Phenylethanol,60-12-8,OCCc1ccccc1,DTXSID9026342,,79,79_OPPTDB,EPA OPPT,-,acute,human health,rat,dermal,>,5000,mg/kg-day,122.166,0.0409,1.3880,,-,https://nepis.epa.gov/,,183886,ToxVal00039_ffd497f4e3020f80
,2-Phenylethanol,60-12-8,OCCc1ccccc1,DTXSID9026342,,80,80_OPPTDB,EPA OPPT,-,acute,human health,rabbit,dermal,=,805,mg/kg-day,122.166,0.0066,2.1812,,-,https://nepis.epa.gov/,,183887,ToxVal00039_ffd497f4e3020f80
,2-Pyrrolidinone,616-45-5,O=C1NCCC1,DTXSID8027246,,81,81_OPPTDB,EPA OPPT,-,acute,human health,rabbit,dermal,>,2000,mg/kg-day,85.1056,0.0235,1.6289,,-,https://nepis.epa.gov/,,183888,ToxVal00039_73789e3d3bff9fef
,4-Methylstyrene,622-97-9,Cc1ccc(C=C)cc1,DTXSID3020889,,82,82_OPPTDB,EPA OPPT,-,acute,human health,rabbit,dermal,>,5000,mg/kg-day,118.178,0.0423,1.3736,,-,https://nepis.epa.gov/,,183889,ToxVal00039_fd7b67c017501656
,Methyl disulfide,624-92-0,CSSC,DTXSID4025117,,83,83_OPPTDB,EPA OPPT,-,acute,human health,rabbit,dermal,>,2000,mg/kg-day,94.2016,0.0212,1.6730,,-,https://nepis.epa.gov/,,183890,ToxVal00039_0e1da3252d4832f3
,Methyl disulfide,624-92-0,CSSC,DTXSID4025117,,84,84_OPPTDB,EPA OPPT,-,acute,human health,rabbit,dermal,>,2000,mg/kg-day,94.2016,0.0212,1.6730,,-,https://nepis.epa.gov/,,183891,ToxVal00039_684eeab5fb7b6f1d
,"Methyl 3,3-dimethylpent-4-enoate",63721-05-1,CC(C)(CC(OC)=O)C=C,DTXSID9028120,,85,85_OPPTDB,EPA OPPT,-,acute,human health,rabbit,dermal,>,300,mg/kg-day,142.197,0.0021,2.6758,,-,https://nepis.epa.gov/,,183892,ToxVal00039_db8f41390fd3e6e6
,"1-(4-Chlorophenyl)-4,4-dimethyl-pentan-3-one",66346-01-8,CC(C)(C)C(CCc(cc1)ccc1Cl)=O,DTXSID7028300,,86,86_OPPTDB,EPA OPPT,-,acute,human health,rat,dermal,>,5000,mg/kg-day,224.73,0.0222,1.6527,,-,https://nepis.epa.gov/,,183893,ToxVal00039_14c6b8f59ad0ca3f
,"Hexanedinitrile, hydrogenated, high-boiling fraction",68411-90-5,,DTXSID2028482,,87,87_OPPTDB,EPA OPPT,-,acute,human health,rabbit,dermal,=,126,mg/kg-day,,#¡DIV/0!,#¡DIV/0!,,-,https://nepis.epa.gov/,,183894,ToxVal00039_61634767b489c119
,"Benzene, C6-12-alkyl derivs.",68608-80-0,CCCCCCCCCc1ccccc1,DTXSID3028766,,88,88_OPPTDB,EPA OPPT,-,acute,human health,rabbit,dermal,=,1260,mg/kg-day,204.356,0.0062,2.2100,,-,https://nepis.epa.gov/,,183895,ToxVal00039_fbb6697f15ef24ec
,"Benzene, C6-12-alkyl derivs.",68608-80-0,CCCCCCCCCc1ccccc1,DTXSID3028766,,89,89_OPPTDB,EPA OPPT,-,acute,human health,rabbit,dermal,=,2000,mg/kg-day,204.356,0.0098,2.0094,,-,https://nepis.epa.gov/,,183896,ToxVal00039_fbb6697f15ef24ec
,"Benzene, C6-12-alkyl derivs.",68608-80-0,CCCCCCCCCc1ccccc1,DTXSID3028766,,90,90_OPPTDB,EPA OPPT,-,acute,human health,rabbit,dermal,=,5010,mg/kg-day,204.356,0.0245,1.6105,,-,https://nepis.epa.gov/,,183897,ToxVal00039_fbb6697f15ef24ec
,Alkyl (C12-C14) glycidyl ether,68609-97-2,CCCCCCCCCCCCCCOCC1OC1.CCCCCCCCCCCCCOCC1OC1.CCCCCCCCCCCCOCC1OC1,DTXSID7028774,,91,91_OPPTDB,EPA OPPT,-,acute,human health,rabbit,dermal,>,3987,mg/kg-day,769.284,0.0052,2.2854,,-,https://nepis.epa.gov/,,183898,ToxVal00039_5487d2f7607c3530
,"Phenol, 4-methyl-, reaction products with dicyclopentadiene and isobutylene",68610-51-5,,DTXSID7028776,,92,92_OPPTDB,EPA OPPT,-,acute,human health,rabbit,dermal,>,5010,mg/kg-day,,#¡DIV/0!,#¡DIV/0!,,-,https://nepis.epa.gov/,,183899,ToxVal00039_7fb84e90a500b9c5
,"Isooctadecanoic acid, reaction products with tetraethylenepentamine",68784-17-8,,DTXSID6028810,,93,93_OPPTDB,EPA OPPT,-,acute,human health,rabbit,dermal,>,2000,mg/kg-day,,#¡DIV/0!,#¡DIV/0!,,-,https://nepis.epa.gov/,,183900,ToxVal00039_9df9a599551a085f
,Triphenyl phosphates isopropylated,68937-41-7,CC(C)c(cc1)ccc1OP(Oc1ccc(C(C)C)cc1)(Oc1ccc(C(C)C)cc1)=O,DTXSID4028880,,94,94_OPPTDB,EPA OPPT,-,acute,human health,rat,dermal,>,2000,mg/kg-day,452.529,0.0044,2.3546,,-,https://nepis.epa.gov/,,183901,ToxVal00039_0917b2188f7ecdfb
,"Oxirane, reaction products with ammonia, distn. residues",68953-70-8,,DTXSID4028913,,95,95_OPPTDB,EPA OPPT,-,acute,human health,rabbit,dermal,>,3000,mg/kg-day,,#¡DIV/0!,#¡DIV/0!,,-,https://nepis.epa.gov/,,183902,ToxVal00039_3f48eccc6464842c
,"Disulfides, dialkyl and di-Ph, naphtha sweetening",68955-96-4,,DTXSID8028929,,96,96_OPPTDB,EPA OPPT,-,acute,human health,rabbit,dermal,>,1800,mg/kg-day,,#¡DIV/0!,#¡DIV/0!,,-,https://nepis.epa.gov/,,183903,ToxVal00039_ae300c9f4bef114b
,Ethyl cyanoacrylate,7085-85-0,CCOC(C(C#N)=C)=O,DTXSID1025279,,97,97_OPPTDB,EPA OPPT,-,acute,human health,rabbit,dermal,>,2000,mg/kg-day,125.127,0.0160,1.7963,,-,https://nepis.epa.gov/,,183904,ToxVal00039_aa1c25d63ba142f0
,"Resin acids and Rosin acids, fumarated, decyl esters",71243-68-0,,DTXSID4029010,,98,98_OPPTDB,EPA OPPT,-,acute,human health,rat,dermal,>,5000,mg/kg-day,,#¡DIV/0!,#¡DIV/0!,,-,https://nepis.epa.gov/,,183905,ToxVal00039_f7573a4e892f0d08
,"Nitric acid, reaction products with cyclododecanol and cyclododecanone, by-products from, high-boiling fraction",72162-23-3,,DTXSID8029020,,99,99_OPPTDB,EPA OPPT,-,acute,human health,rabbit,dermal,>,2000,mg/kg-day,,#¡DIV/0!,#¡DIV/0!,,-,https://nepis.epa.gov/,,183906,ToxVal00039_ff91ef95f19d4e2c
,tert-Butyl alcohol,75-65-0,CC(C)(C)O,DTXSID8020204,,100,100_OPPTDB,EPA OPPT,-,acute,human health,rabbit,dermal,>,2000,mg/kg-day,74.1224,0.0270,1.5689,,-,https://nepis.epa.gov/,,183907,ToxVal00039_52fb3c349e0eca1d
,Ethyl 3-ethoxypropionate,763-69-9,CCOCCC(OCC)=O,DTXSID0027309,,101,101_OPPTDB,EPA OPPT,-,acute,human health,rabbit,dermal,>,9500,mg/kg-day,146.185,0.0650,1.1872,,-,https://nepis.epa.gov/,,183908,ToxVal00039_c66255f6ac23e86d
,"5,5-Dimethylhydantoin",77-71-4,CC(C)(C(N1)=O)NC1=O,DTXSID5021754,,102,102_OPPTDB,EPA OPPT,-,acute,human health,rabbit,dermal,>,20000,mg/kg-day,128.131,0.1561,0.8066,,-,https://nepis.epa.gov/,,183909,ToxVal00039_1f67e39de3c03bdc
,"5,5-Dimethylhydantoin",77-71-4,CC(C)(C(N1)=O)NC1=O,DTXSID5021754,,103,103_OPPTDB,EPA OPPT,-,acute,human health,rabbit,dermal,>,3000,mg/kg-day,128.131,0.0234,1.6305,,-,https://nepis.epa.gov/,,183910,ToxVal00039_1f67e39de3c03bdc
,"1,2-Dichloropropane",78-87-5,CC(CCl)Cl,DTXSID0020448,,104,104_OPPTDB,EPA OPPT,-,acute,human health,rabbit,dermal,=,10100,mg/kg-day,112.987,0.0894,1.0487,,-,https://nepis.epa.gov/,,183911,ToxVal00039_e32fc3ffe172155b
,Chloroacetyl chloride,79-04-9,O=C(CCl)Cl,DTXSID4026472,,105,105_OPPTDB,EPA OPPT,-,acute,human health,rabbit,dermal,=,316,mg/kg-day,112.943,0.0028,2.5532,,-,https://nepis.epa.gov/,,183912,ToxVal00039_6793a806fbf3e2e2
,Acrylic acid,79-10-7,C=CC(O)=O,DTXSID0039229,,106,106_OPPTDB,EPA OPPT,-,acute,human health,rabbit,dermal,=,640,mg/kg-day,72.0628,0.0089,2.0515,,-,https://nepis.epa.gov/,,183913,ToxVal00039_1257a3389a057a2f
,Chloroacetic acid,79-11-8,OC(CCl)=O,DTXSID4020901,,107,107_OPPTDB,EPA OPPT,-,acute,human health,rabbit,dermal,=,250,mg/kg-day,94.4968,0.0026,2.5775,,-,https://nepis.epa.gov/,,183914,ToxVal00039_af2dc3acfa414007
,Chloroacetic acid,79-11-8,OC(CCl)=O,DTXSID4020901,,108,108_OPPTDB,EPA OPPT,-,acute,human health,rat,dermal,=,305,mg/kg-day,94.4968,0.0032,2.4911,,-,https://nepis.epa.gov/,,183915,ToxVal00039_af2dc3acfa414007
,2-Nitropropane,79-46-9,CC(C)[N+]([O-])=O,DTXSID6020981,,109,109_OPPTDB,EPA OPPT,-,acute,human health,rabbit,dermal,>,2000,mg/kg-day,89.0936,0.0224,1.6488,,-,https://nepis.epa.gov/,,183916,ToxVal00039_de68bb3108b1d4c5
,Dimethyl phosphonate,868-85-9,COP(OC)=O,DTXSID5020493,,110,110_OPPTDB,EPA OPPT,-,acute,human health,rabbit,dermal,=,7500,mg/kg-day,110.049,0.0682,1.1665,,-,https://nepis.epa.gov/,,183917,ToxVal00039_090e4ebf9960f230
,Dimethyl phosphonate,868-85-9,COP(OC)=O,DTXSID5020493,,111,111_OPPTDB,EPA OPPT,-,acute,human health,rabbit,dermal,=,934,mg/kg-day,110.049,0.0085,2.0712,,-,https://nepis.epa.gov/,,183918,ToxVal00039_090e4ebf9960f230
,Symclosene,87-90-1,O=C(N(C(N(C1=O)Cl)=O)Cl)N1Cl,DTXSID2026523,,112,112_OPPTDB,EPA OPPT,-,acute,human health,rabbit,dermal,>,2000,mg/kg-day,232.41,0.0086,2.0652,,-,https://nepis.epa.gov/,,183919,ToxVal00039_454802deeef2f54a
,Symclosene,87-90-1,O=C(N(C(N(C1=O)Cl)=O)Cl)N1Cl,DTXSID2026523,,113,113_OPPTDB,EPA OPPT,-,acute,human health,rabbit,dermal,>,3160,mg/kg-day,232.41,0.0136,1.8666,,-,https://nepis.epa.gov/,,183920,ToxVal00039_454802deeef2f54a
,Symclosene,87-90-1,O=C(N(C(N(C1=O)Cl)=O)Cl)N1Cl,DTXSID2026523,,114,114_OPPTDB,EPA OPPT,-,acute,human health,rat,dermal,>,5000,mg/kg-day,232.41,0.0215,1.6673,,-,https://nepis.epa.gov/,,183921,ToxVal00039_454802deeef2f54a
,"1,3,4-Thiadiazole, 2,5-bis(tert-nonyldithio)-",89347-09-1,,DTXSID9029063,,115,115_OPPTDB,EPA OPPT,-,acute,human health,rabbit,dermal,>,2000,mg/kg-day,,#¡DIV/0!,#¡DIV/0!,,-,https://nepis.epa.gov/,,183922,ToxVal00039_097f537f7ce99877
,N-Phenyl-1-naphthylamine,90-30-2,c(cc1)ccc1Nc1cccc2ccccc12,DTXSID2025892,,116,116_OPPTDB,EPA OPPT,-,acute,human health,rabbit,dermal,>,8000,mg/kg-day,219.286,0.0365,1.4379,,-,https://nepis.epa.gov/,,183923,ToxVal00039_5980eb464d03d32d
,Sodium (nonanoyloxy)benzenesulfonate,91125-43-8,CCCCCCCCC(Oc(cccc1)c1S([O-])(=O)=O)=O.[Na+],DTXSID7029825,,117,117_OPPTDB,EPA OPPT,-,acute,human health,rabbit,dermal,>,800,mg/kg-day,336.383,0.0024,2.6237,,-,https://nepis.epa.gov/,,183924,ToxVal00039_cf13b3c6bd24cbf3
,"1,3-Dioxolan-2-one",96-49-1,O=C1OCCO1,DTXSID2026600,,118,118_OPPTDB,EPA OPPT,-,acute,human health,rat,dermal,>,2000,mg/kg-day,88.0618,0.0227,1.6438,,-,https://nepis.epa.gov/,,183925,ToxVal00039_86d34be0a72c37c0
,Cumene,98-82-8,CC(C)c1ccccc1,DTXSID1021827,,119,119_OPPTDB,EPA OPPT,-,acute,human health,rabbit,dermal,=,10545,mg/kg-day,120.194,0.0877,1.0568,,-,https://nepis.epa.gov/,,183926,ToxVal00039_36f794985492dd76
,Acetophenone,98-86-2,CC(c1ccccc1)=O,DTXSID6021828,,120,120_OPPTDB,EPA OPPT,-,acute,human health,guinea pig,dermal,>,20600,mg/kg-day,120.151,0.1715,0.7659,,-,https://nepis.epa.gov/,,183927,ToxVal00039_7bd56bd2515bc2ea
,Benzoyl chloride,98-88-4,O=C(c1ccccc1)Cl,DTXSID9026631,,121,121_OPPTDB,EPA OPPT,-,acute,human health,rabbit,dermal,>,2000,mg/kg-day,140.569,0.0142,1.8469,,-,https://nepis.epa.gov/,,183928,ToxVal00039_4cf52525c897e322
,Benzoyl chloride,98-88-4,O=C(c1ccccc1)Cl,DTXSID9026631,,122,122_OPPTDB,EPA OPPT,-,acute,human health,rabbit,dermal,=,790,mg/kg-day,140.569,0.0056,2.2503,,-,https://nepis.epa.gov/,,183929,ToxVal00039_4cf52525c897e322
,"1,2-Dimethyl-4-nitrobenzene",99-51-4,Cc(cc1)c(C)cc1[N+]([O-])=O,DTXSID2025133,,123,123_OPPTDB,EPA OPPT,-,acute,human health,rabbit,dermal,=,5695,mg/kg-day,151.164,0.0377,1.4240,,-,https://nepis.epa.gov/,,183930,ToxVal00039_de5ac72917c3404e
,p-Cymene,99-87-6,CC(C)c1ccc(C)cc1,DTXSID3026645,,124,124_OPPTDB,EPA OPPT,-,acute,human health,rabbit,dermal,>,5000,mg/kg-day,134.221,0.0373,1.4289,,-,https://nepis.epa.gov/,,183931,ToxVal00039_193c34ccf8b8a442
,p-Cymene,99-87-6,CC(C)c1ccc(C)cc1,DTXSID3026645,,125,125_OPPTDB,EPA OPPT,-,acute,human health,rabbit,dermal,>,5144,mg/kg-day,134.221,0.0383,1.4165,,-,https://nepis.epa.gov/,,183932,ToxVal00039_193c34ccf8b8a442
,Ethyl cyanoacrylate,7085-85-0,CCOC(C(C#N)=C)=O,DTXSID1025279,,126,126_OPPTDB,EPA OPPT,-,acute,human health,rat,inhalation,<,21100,mg/L,125.127,0.1686,0.7731,,-,https://nepis.epa.gov/,,184010,ToxVal00039_aa1c25d63ba142f0
,"2,5-Dihydrothiophene 1,1-dioxide",77-79-2,O=S1(CC=CC1)=O,DTXSID6021294,,127,127_OPPTDB,EPA OPPT,-,acute,human health,rat,inhalation,>,,-,118.156,0.0000,#¡NUM!,,-,https://nepis.epa.gov/,,184013,ToxVal00039_5352445e5628f1e1
,4-Vinylcyclohexene,100-40-3,C=CC1CC=CCC1,DTXSID3021437,,128,128_OPPTDB,EPA OPPT,-,acute,human health,rat,oral,=,2560,mg/kg-day,108.183,0.0237,1.6259,,-,https://nepis.epa.gov/,,184033,ToxVal00039_7315a06c7e48e7f7
,Benzenemethanethiol,100-53-8,SCc1ccccc1,DTXSID6026664,,129,129_OPPTDB,EPA OPPT,-,acute,human health,rat,oral,=,493,mg/kg-day,124.207,0.0040,2.4013,,-,https://nepis.epa.gov/,,184034,ToxVal00039_e49151b1c54dface
,2-Vinylpyridine,100-69-6,C=Cc1ncccc1,DTXSID1026667,,130,130_OPPTDB,EPA OPPT,-,acute,human health,rat,oral,=,336,mg/kg-day,105.14,0.0032,2.4954,,-,https://nepis.epa.gov/,,184035,ToxVal00039_e2ec4c030913d620
,Diphenyl oxide,101-84-8,c(cc1)ccc1Oc1ccccc1,DTXSID9021847,,131,131_OPPTDB,EPA OPPT,-,acute,human health,rat,oral,=,2450,mg/kg-day,170.21,0.0144,1.8418,,-,https://nepis.epa.gov/,,184036,ToxVal00039_40622ca295931663
,N-Oxydiethylene-2-benzothiazylsulfenamide,102-77-2,,DTXSID0021096,,132,132_OPPTDB,EPA OPPT,-,acute,human health,rat,oral,>,10000,mg/kg-day,,#¡DIV/0!,#¡DIV/0!,,-,https://nepis.epa.gov/,,184037,ToxVal00039_bfa66a011bb182de
,N-Oxydiethylene-2-benzothiazylsulfenamide,102-77-2,,DTXSID0021096,,133,133_OPPTDB,EPA OPPT,-,acute,human health,rat,oral,>,7940,mg/kg-day,,#¡DIV/0!,#¡DIV/0!,,-,https://nepis.epa.gov/,,184038,ToxVal00039_bfa66a011bb182de
,"2,2'-[1,4-Phenylenebis(oxy)]diethanol",104-38-1,OCCOc(cc1)ccc1OCCO,DTXSID5026702,,134,134_OPPTDB,EPA OPPT,-,acute,human health,rat,oral,>,5000,mg/kg-day,198.217,0.0252,1.5982,,-,https://nepis.epa.gov/,,184039,ToxVal00039_f67f5c02e2566a4c
,Carbendazim,10605-21-7,COC(Nc1nc(cccc2)c2[nH]1)=O,DTXSID4024729,,135,135_OPPTDB,EPA OPPT,-,acute,human health,rat,oral,>,5050,mg/kg-day,191.189,0.0264,1.5782,,-,https://nepis.epa.gov/,,184040,ToxVal00039_39d555a583a39f49
,"1,2-Dibromoethane",106-93-4,BrCCBr,DTXSID3020415,,136,136_OPPTDB,EPA OPPT,-,acute,human health,rabbit,oral,=,110,mg/kg-day,187.862,0.0006,3.2324,,-,https://nepis.epa.gov/,,184041,ToxVal00039_010452c75368f824
,"1,2-Dibromoethane",106-93-4,BrCCBr,DTXSID3020415,,137,137_OPPTDB,EPA OPPT,-,acute,human health,rat,oral,=,116,mg/kg-day,187.862,0.0006,3.2094,,-,https://nepis.epa.gov/,,184042,ToxVal00039_010452c75368f824
,"1,2-Dibromoethane",106-93-4,BrCCBr,DTXSID3020415,,138,138_OPPTDB,EPA OPPT,-,acute,human health,rabbit,oral,=,117,mg/kg-day,187.862,0.0006,3.2057,,-,https://nepis.epa.gov/,,184043,ToxVal00039_010452c75368f824
,"1,2-Dibromoethane",106-93-4,BrCCBr,DTXSID3020415,,139,139_OPPTDB,EPA OPPT,-,acute,human health,rat,oral,=,133,mg/kg-day,187.862,0.0007,3.1500,,-,https://nepis.epa.gov/,,184044,ToxVal00039_010452c75368f824
,"1,2-Dibromoethane",106-93-4,BrCCBr,DTXSID3020415,,140,140_OPPTDB,EPA OPPT,-,acute,human health,rat,oral,=,140,mg/kg-day,187.862,0.0007,3.1277,,-,https://nepis.epa.gov/,,184045,ToxVal00039_010452c75368f824
,"1,2-Dibromoethane",106-93-4,BrCCBr,DTXSID3020415,,141,141_OPPTDB,EPA OPPT,-,acute,human health,rabbit,oral,=,146,mg/kg-day,187.862,0.0008,3.1095,,-,https://nepis.epa.gov/,,184046,ToxVal00039_010452c75368f824
,"1,2-Dibromoethane",106-93-4,BrCCBr,DTXSID3020415,,142,142_OPPTDB,EPA OPPT,-,acute,human health,rabbit,oral,=,420,mg/kg-day,187.862,0.0022,2.6506,,-,https://nepis.epa.gov/,,184047,ToxVal00039_010452c75368f824
,"1,2-Dibromoethane",106-93-4,BrCCBr,DTXSID3020415,,143,143_OPPTDB,EPA OPPT,-,acute,human health,rabbit,oral,<,50,mg/kg-day,187.862,0.0003,3.5749,,-,https://nepis.epa.gov/,,184048,ToxVal00039_010452c75368f824
,"1,2-Dibromoethane",106-93-4,BrCCBr,DTXSID3020415,,144,144_OPPTDB,EPA OPPT,-,acute,human health,rabbit,oral,=,55,mg/kg-day,187.862,0.0003,3.5335,,-,https://nepis.epa.gov/,,184049,ToxVal00039_010452c75368f824
,Chloromethyl methyl ether,107-30-2,COCCl,DTXSID6020307,,145,145_OPPTDB,EPA OPPT,-,acute,human health,rat,oral,<,1000,mg/kg-day,80.5137,0.0124,1.9059,,-,https://nepis.epa.gov/,,184050,ToxVal00039_40e0f0d6f1dcc922
,Chloromethyl methyl ether,107-30-2,COCCl,DTXSID6020307,,146,146_OPPTDB,EPA OPPT,-,acute,human health,rat,oral,=,223,mg/kg-day,80.5137,0.0028,2.5576,,-,https://nepis.epa.gov/,,184051,ToxVal00039_40e0f0d6f1dcc922
,tert-Octylamine,107-45-9,CC(C)(C)CC(C)(C)N,DTXSID0021886,,147,147_OPPTDB,EPA OPPT,-,acute,human health,rat,oral,=,218,mg/kg-day,129.246,0.0017,2.7730,,-,https://nepis.epa.gov/,,184052,ToxVal00039_1d3c03044c918f40
,tert-Octylamine,107-45-9,CC(C)(C)CC(C)(C)N,DTXSID0021886,,148,148_OPPTDB,EPA OPPT,-,acute,human health,rat,oral,=,309,mg/kg-day,129.246,0.0024,2.6215,,-,https://nepis.epa.gov/,,184053,ToxVal00039_1d3c03044c918f40
,Hydroxycitronellal,107-75-5,CC(CCCC(C)(C)O)CC=O,DTXSID6042232,,149,149_OPPTDB,EPA OPPT,-,acute,human health,rat,oral,>,5000,mg/kg-day,172.267,0.0290,1.5372,,-,https://nepis.epa.gov/,,184054,ToxVal00039_e7d4085dcfe361ca
,2-Pentanone,107-87-9,CCCC(C)=O,DTXSID0021888,,150,150_OPPTDB,EPA OPPT,-,acute,human health,mouse,oral,=,1600,mg/kg-day,86.1334,0.0186,1.7311,,-,https://nepis.epa.gov/,,184055,ToxVal00039_ab19fb9f3f2d8046
,"1,3-Butanediol",107-88-0,CC(CCO)O,DTXSID8026773,,151,151_OPPTDB,EPA OPPT,-,acute,human health,rat,oral,=,22800,mg/kg-day,90.1214,0.2530,0.5969,,-,https://nepis.epa.gov/,,184056,ToxVal00039_d65607abe7c1aab0
,Isopropyl ether,108-20-3,CC(C)OC(C)C,DTXSID4021890,,152,152_OPPTDB,EPA OPPT,-,acute,human health,rat,oral,=,11200,mg/kg-day,102.176,0.1096,0.9601,,-,https://nepis.epa.gov/,,184057,ToxVal00039_226ba91b7feec1c2
,Isopropyl ether,108-20-3,CC(C)OC(C)C,DTXSID4021890,,153,153_OPPTDB,EPA OPPT,-,acute,human health,rat,oral,=,11600,mg/kg-day,102.176,0.1135,0.9449,,-,https://nepis.epa.gov/,,184058,ToxVal00039_226ba91b7feec1c2
,Isopropyl ether,108-20-3,CC(C)OC(C)C,DTXSID4021890,,154,154_OPPTDB,EPA OPPT,-,acute,human health,rat,oral,=,4500,mg/kg-day,102.176,0.0440,1.3561,,-,https://nepis.epa.gov/,,184059,ToxVal00039_226ba91b7feec1c2
,Cyanuric acid,108-80-5,O=C(NC(N1)=O)NC1=O,DTXSID7024873,,155,155_OPPTDB,EPA OPPT,-,acute,human health,rat,oral,>,5000,mg/kg-day,129.075,0.0387,1.4119,,-,https://nepis.epa.gov/,,184060,ToxVal00039_b84033a737c7dcf3
,"2,6-Dimethyl-4-heptanol",108-82-7,CC(C)CC(CC(C)C)O,DTXSID8026802,,156,156_OPPTDB,EPA OPPT,-,acute,human health,rat,oral,=,3560,mg/kg-day,144.257,0.0247,1.6077,,-,https://nepis.epa.gov/,,184061,ToxVal00039_9f17fd29f3b5ec34
,Cyclohexylamine,108-91-8,NC1CCCCC1,DTXSID1023996,,157,157_OPPTDB,EPA OPPT,-,acute,human health,rat,oral,=,560,mg/kg-day,99.1762,0.0056,2.2482,,-,https://nepis.epa.gov/,,184062,ToxVal00039_a17a0ec80b3d810b
,Cyclohexylamine,108-91-8,NC1CCCCC1,DTXSID1023996,,158,158_OPPTDB,EPA OPPT,-,acute,human health,rat,oral,=,335,mg/kg-day,99.1762,0.0034,2.4714,,-,https://nepis.epa.gov/,,184063,ToxVal00039_a17a0ec80b3d810b
,Cyclohexylamine,108-91-8,NC1CCCCC1,DTXSID1023996,,159,159_OPPTDB,EPA OPPT,-,acute,human health,rat,oral,=,625,mg/kg-day,99.1762,0.0063,2.2005,,-,https://nepis.epa.gov/,,184064,ToxVal00039_a17a0ec80b3d810b
,Cyclohexanol,108-93-0,OC1CCCCC1,DTXSID4021894,,160,160_OPPTDB,EPA OPPT,-,acute,human health,rat,oral,=,1550,mg/kg-day,100.16,0.0155,1.8104,,-,https://nepis.epa.gov/,,184065,ToxVal00039_385a33492cf4591e
,"Acetonitrile, 2,2',2'',2'''-(1,3-propanediyldinitrilo)tetrakis-",110057-45-9,N#CCN(CCCN(CC#N)CC#N)CC#N,DTXSID70888837,,161,161_OPPTDB,EPA OPPT,-,acute,human health,rat,oral,>,2000,mg/kg-day,230.274,0.0087,2.0612,,-,https://nepis.epa.gov/,,184066,ToxVal00039_f76a8593350858b5
,5-Methyl-2-hexanone,110-12-3,CC(C)CCC(C)=O,DTXSID5021914,,162,162_OPPTDB,EPA OPPT,-,acute,human health,rat,oral,>,3200,mg/kg-day,114.187,0.0280,1.5525,,-,https://nepis.epa.gov/,,184067,ToxVal00039_8cfb968c43385d11
,5-Methyl-2-hexanone,110-12-3,CC(C)CCC(C)=O,DTXSID5021914,,163,163_OPPTDB,EPA OPPT,-,acute,human health,mouse,oral,>,3200,mg/kg-day,114.187,0.0280,1.5525,,-,https://nepis.epa.gov/,,184068,ToxVal00039_8cfb968c43385d11
,5-Methyl-2-hexanone,110-12-3,CC(C)CCC(C)=O,DTXSID5021914,,164,164_OPPTDB,EPA OPPT,-,acute,human health,rat,oral,=,5657,mg/kg-day,114.187,0.0495,1.3050,,-,https://nepis.epa.gov/,,184069,ToxVal00039_8cfb968c43385d11
,"N,N,N',N'-Tetramethylethylenediamine",110-18-9,CN(C)CCN(C)C,DTXSID5026122,,165,165_OPPTDB,EPA OPPT,-,acute,human health,rat,oral,=,268,mg/kg-day,116.207,0.0023,2.6371,,-,https://nepis.epa.gov/,,184070,ToxVal00039_37c4d61a5fa441d1
,"N,N,N',N'-Tetramethylethylenediamine",110-18-9,CN(C)CCN(C)C,DTXSID5026122,,166,166_OPPTDB,EPA OPPT,-,acute,human health,rat,oral,=,406,mg/kg-day,116.207,0.0035,2.4567,,-,https://nepis.epa.gov/,,184071,ToxVal00039_37c4d61a5fa441d1
,"N,N,N',N'-Tetramethylethylenediamine",110-18-9,CN(C)CCN(C)C,DTXSID5026122,,167,167_OPPTDB,EPA OPPT,-,acute,human health,rat,oral,=,891,mg/kg-day,116.207,0.0077,2.1154,,-,https://nepis.epa.gov/,,184072,ToxVal00039_37c4d61a5fa441d1
,2-Heptanone,110-43-0,CCCCCC(C)=O,DTXSID5021916,,168,168_OPPTDB,EPA OPPT,-,acute,human health,rat,oral,=,1600,mg/kg-day,114.187,0.0140,1.8535,,-,https://nepis.epa.gov/,,184073,ToxVal00039_eda65dd4f6c769f4
,2-Heptanone,110-43-0,CCCCCC(C)=O,DTXSID5021916,,169,169_OPPTDB,EPA OPPT,-,acute,human health,mouse,oral,>,1600,mg/kg-day,114.187,0.0140,1.8535,,-,https://nepis.epa.gov/,,184074,ToxVal00039_eda65dd4f6c769f4
,Hexamethyleneimine,111-49-9,C1CCNCCC1,DTXSID1026879,,170,170_OPPTDB,EPA OPPT,-,acute,human health,rat,oral,=,1000,mg/kg-day,99.1762,0.0101,1.9964,,-,https://nepis.epa.gov/,,184075,ToxVal00039_d527953a20599f6a
,Hexamethyleneimine,111-49-9,C1CCNCCC1,DTXSID1026879,,171,171_OPPTDB,EPA OPPT,-,acute,human health,rat,oral,=,20.7,mg/kg-day,99.1762,0.0002,3.6804,,-,https://nepis.epa.gov/,,184076,ToxVal00039_d527953a20599f6a
,Hexamethyleneimine,111-49-9,C1CCNCCC1,DTXSID1026879,,172,172_OPPTDB,EPA OPPT,-,acute,human health,rat,oral,<,500,mg/kg-day,99.1762,0.0050,2.2974,,-,https://nepis.epa.gov/,,184077,ToxVal00039_d527953a20599f6a
,Hexamethyleneimine,111-49-9,C1CCNCCC1,DTXSID1026879,,173,173_OPPTDB,EPA OPPT,-,acute,human health,rat,oral,=,9.6,mg/kg-day,99.1762,0.0001,4.0141,,-,https://nepis.epa.gov/,,184078,ToxVal00039_d527953a20599f6a
,"3-Hydroxy-2,2-dimethylpropyl 3-hydroxy-2,2-dimethylpropanoate",1115-20-4,CC(C)(CO)COC(C(C)(C)CO)=O,DTXSID4027361,,174,174_OPPTDB,EPA OPPT,-,acute,human health,rat,oral,=,8000,mg/kg-day,204.265,0.0392,1.4071,,-,https://nepis.epa.gov/,,184079,ToxVal00039_e85e097d492d0988
,"1,5-Cyclooctadiene",111-78-4,C1C=CCCC=CC1,DTXSID0026888,,175,175_OPPTDB,EPA OPPT,-,acute,human health,rat,oral,=,2381,mg/kg-day,108.183,0.0220,1.6574,,-,https://nepis.epa.gov/,,184080,ToxVal00039_fd67c401cc1674ea
,"1,5-Cyclooctadiene",111-78-4,C1C=CCCC=CC1,DTXSID0026888,,176,176_OPPTDB,EPA OPPT,-,acute,human health,rat,oral,=,2381,mg/kg-day,108.183,0.0220,1.6574,,-,https://nepis.epa.gov/,,184081,ToxVal00039_fd67c401cc1674ea
,1-Chlorododecane,112-52-7,CCCCCCCCCCCCCl,DTXSID0025492,,177,177_OPPTDB,EPA OPPT,-,acute,human health,rat,oral,>,2000,mg/kg-day,204.784,0.0098,2.0103,,-,https://nepis.epa.gov/,,184082,ToxVal00039_f992f6c0de5b6d6f
,(Z)-9-Octadecenenitrile,112-91-4,CCCCCCCC/C=C\CCCCCCCC#N,DTXSID3026934,,178,178_OPPTDB,EPA OPPT,-,acute,human health,rat,oral,>,5000,mg/kg-day,263.467,0.0190,1.7218,,-,https://nepis.epa.gov/,,184083,ToxVal00039_30164c5e398b877a
,Silica gel,63231-67-4,[O-2].[O-2].[Si+4],DTXSID6034891,,179,179_OPPTDB,EPA OPPT,-,acute,human health,rat,oral,>,5000,mg/kg-day,60.084,0.0832,1.0798,,-,https://nepis.epa.gov/,,184084,ToxVal00039_db52e2e303094e2f
,Silica gel,63231-67-4,[O-2].[O-2].[Si+4],DTXSID6034891,,180,180_OPPTDB,EPA OPPT,-,acute,human health,rat,oral,>,5000,mg/kg-day,60.084,0.0832,1.0798,,-,https://nepis.epa.gov/,,184085,ToxVal00039_db52e2e303094e2f
,Silica gel,63231-67-4,[O-2].[O-2].[Si+4],DTXSID6034891,,181,181_OPPTDB,EPA OPPT,-,acute,human health,rat,oral,>,7900,mg/kg-day,60.084,0.1315,0.8811,,-,https://nepis.epa.gov/,,184086,ToxVal00039_db52e2e303094e2f
,Chlorendic anhydride,115-27-5,O=C(C(C1C(C2(Cl)Cl)(C(Cl)=C3Cl)Cl)C23Cl)OC1=O,DTXSID2026941,,182,182_OPPTDB,EPA OPPT,-,acute,human health,rat,oral,=,2336,mg/kg-day,370.83,0.0063,2.2007,,-,https://nepis.epa.gov/,,184087,ToxVal00039_72ec045c3f60e6e7
,Tetrachlorophthalic anhydride,117-08-8,O=C(c(c1c(c(Cl)c2Cl)Cl)c2Cl)OC1=O,DTXSID7026102,,183,183_OPPTDB,EPA OPPT,-,acute,human health,rat,oral,>,15800,mg/kg-day,285.897,0.0553,1.2576,,-,https://nepis.epa.gov/,,184088,ToxVal00039_608e5e29ab025ddc
,Zinc naphthenate,12001-85-3,[O-]C(c1cc2ccccc2cc1)=O.[O-]C(c1cc2ccccc2cc1)=O.[Zn+2],DTXSID4027735,,184,184_OPPTDB,EPA OPPT,-,acute,human health,rat,oral,>,5000,mg/kg-day,407.739,0.0123,1.9114,,-,https://nepis.epa.gov/,,184089,ToxVal00039_2cb3d53a2eca6695
,Zinc naphthenate,12001-85-3,[O-]C(c1cc2ccccc2cc1)=O.[O-]C(c1cc2ccccc2cc1)=O.[Zn+2],DTXSID4027735,,185,185_OPPTDB,EPA OPPT,-,acute,human health,rat,oral,>,5000,mg/kg-day,407.739,0.0123,1.9114,,-,https://nepis.epa.gov/,,184090,ToxVal00039_2cb3d53a2eca6695
,Ethylenebis(oxyethylene) dibenzoate,120-56-9,O=C(c1ccccc1)OCCOCCOCCOC(c1ccccc1)=O,DTXSID7029611,,186,186_OPPTDB,EPA OPPT,-,acute,human health,rat,oral,=,3535,mg/kg-day,358.389,0.0099,2.0060,,-,https://nepis.epa.gov/,,184091,ToxVal00039_8d1003fac6f4b2c6
,Ethylenebis(oxyethylene) dibenzoate,120-56-9,O=C(c1ccccc1)OCCOCCOCCOC(c1ccccc1)=O,DTXSID7029611,,187,187_OPPTDB,EPA OPPT,-,acute,human health,rat,oral,=,4843,mg/kg-day,358.389,0.0135,1.8692,,-,https://nepis.epa.gov/,,184092,ToxVal00039_8d1003fac6f4b2c6
,"2,6,8-Trimethyl-4-nonanone",123-18-2,CC(C)CC(C)CC(CC(C)C)=O,DTXSID7026998,,188,188_OPPTDB,EPA OPPT,-,acute,human health,rat,oral,=,8470,mg/kg-day,184.322,0.0460,1.3377,,-,https://nepis.epa.gov/,,184093,ToxVal00039_3bb272a269ff7f8c
,"2,6,8-Trimethyl-4-nonanone",123-18-2,CC(C)CC(C)CC(CC(C)C)=O,DTXSID7026998,,189,189_OPPTDB,EPA OPPT,-,acute,human health,rat,oral,=,8470,mg/kg-day,184.322,0.0460,1.3377,,-,https://nepis.epa.gov/,,184094,ToxVal00039_b4f5679cdbf2b27e
,Hexanedioic acid,124-04-9,OC(CCCCC(O)=O)=O,DTXSID7021605,,190,190_OPPTDB,EPA OPPT,-,acute,human health,rat,oral,>,5000,mg/kg-day,146.141,0.0342,1.4658,,-,https://nepis.epa.gov/,,184095,ToxVal00039_03becc8a60e460ac
,2-Amino-2-methylpropan-1-ol,124-68-5,CC(C)(CO)N,DTXSID8027032,,191,191_OPPTDB,EPA OPPT,-,acute,human health,rat,oral,=,2900,mg/kg-day,89.1373,0.0325,1.4877,,-,https://nepis.epa.gov/,,184096,ToxVal00039_bcdfbbe3c3212e5f
,"Benzene, ethenyl-, ar-bromo derivs.",125904-11-2,C=Cc(cccc1)c1Br,DTXSID6029094,,192,192_OPPTDB,EPA OPPT,-,acute,human health,rat,oral,>,50,mg/kg-day,183.048,0.0003,3.5636,,-,https://nepis.epa.gov/,,184097,ToxVal00039_343da1cb96b96653
,"Phosphoric trichloride, polymer with 1,3-benzenediol, phenyl ester",125997-21-9,,DTXSID9029855,,193,193_OPPTDB,EPA OPPT,-,acute,human health,rat,oral,>,5000,mg/kg-day,,#¡DIV/0!,#¡DIV/0!,,-,https://nepis.epa.gov/,,184098,ToxVal00039_9b68dec97210260b
,Lyral,130066-44-3,CC(C)(CCCC(CC1)=CCC1C=O)O,DTXSID901052281,,194,194_OPPTDB,EPA OPPT,-,acute,human health,rat,oral,>,5000,mg/kg-day,210.316,0.0238,1.6239,,-,https://nepis.epa.gov/,,184099,ToxVal00039_1a7fe5aeb4b1e42a
,Lyral,130066-44-3,CC(C)(CCCC(CC1)=CCC1C=O)O,DTXSID901052281,,195,195_OPPTDB,EPA OPPT,-,acute,human health,rat,oral,>,5000,mg/kg-day,210.316,0.0238,1.6239,,-,https://nepis.epa.gov/,,184100,ToxVal00039_1a7fe5aeb4b1e42a
,"Benzoic acid, C9-11-branched alkyl esters",131298-44-7,,DTXSID3029100,,196,196_OPPTDB,EPA OPPT,-,acute,human health,rat,oral,>,5000,mg/kg-day,,#¡DIV/0!,#¡DIV/0!,,-,https://nepis.epa.gov/,,184101,ToxVal00039_9f410706a16b8937
,Tris(methylphenyl) phosphate,1330-78-5,Cc(cccc1)c1OP(Oc1c(C)cccc1)(Oc1c(C)cccc1)=O,DTXSID4021391,,197,197_OPPTDB,EPA OPPT,-,acute,human health,unknown,oral,>,10000,mg/kg-day,368.368,0.0271,1.5663,,-,https://nepis.epa.gov/,,184102,ToxVal00039_dfce7f45e0e63d93
,Tris(methylphenyl) phosphate,1330-78-5,Cc(cccc1)c1OP(Oc1c(C)cccc1)(Oc1c(C)cccc1)=O,DTXSID4021391,,198,198_OPPTDB,EPA OPPT,-,acute,human health,rat,oral,>,20000,mg/kg-day,368.368,0.0543,1.2653,,-,https://nepis.epa.gov/,,184103,ToxVal00039_dfce7f45e0e63d93
,Tris(methylphenyl) phosphate,1330-78-5,Cc(cccc1)c1OP(Oc1c(C)cccc1)(Oc1c(C)cccc1)=O,DTXSID4021391,,199,199_OPPTDB,EPA OPPT,-,acute,human health,rabbit,oral,=,3000,mg/kg-day,368.368,0.0081,2.0892,,-,https://nepis.epa.gov/,,184104,ToxVal00039_dfce7f45e0e63d93
,Tris(methylphenyl) phosphate,1330-78-5,Cc(cccc1)c1OP(Oc1c(C)cccc1)(Oc1c(C)cccc1)=O,DTXSID4021391,,200,200_OPPTDB,EPA OPPT,-,acute,human health,unknown,oral,>,3900,mg/kg-day,368.368,0.0106,1.9752,,-,https://nepis.epa.gov/,,184105,ToxVal00039_dfce7f45e0e63d93
,Tris(methylphenyl) phosphate,1330-78-5,Cc(cccc1)c1OP(Oc1c(C)cccc1)(Oc1c(C)cccc1)=O,DTXSID4021391,,201,201_OPPTDB,EPA OPPT,-,acute,human health,unknown,oral,>,4640,mg/kg-day,368.368,0.0126,1.8998,,-,https://nepis.epa.gov/,,184106,ToxVal00039_dfce7f45e0e63d93
,Tris(methylphenyl) phosphate,1330-78-5,Cc(cccc1)c1OP(Oc1c(C)cccc1)(Oc1c(C)cccc1)=O,DTXSID4021391,,202,202_OPPTDB,EPA OPPT,-,acute,human health,rabbit,oral,=,600,mg/kg-day,368.368,0.0016,2.7881,,-,https://nepis.epa.gov/,,184107,ToxVal00039_dfce7f45e0e63d93
,Toluenesulfonamide,1333-07-9,NS(Cc1ccccc1)(=O)=O,DTXSID2027389,,203,203_OPPTDB,EPA OPPT,-,acute,human health,rat,oral,=,2400,mg/kg-day,171.219,0.0140,1.8533,,-,https://nepis.epa.gov/,,184108,ToxVal00039_85ecb00261196c8a
,Toluenesulfonamide,1333-07-9,NS(Cc1ccccc1)(=O)=O,DTXSID2027389,,204,204_OPPTDB,EPA OPPT,-,acute,human health,rat,oral,=,3800,mg/kg-day,171.219,0.0222,1.6538,,-,https://nepis.epa.gov/,,184109,ToxVal00039_85ecb00261196c8a
,"2,2'-Azobis(2-methylbutanenitrile)",13472-08-7,CCC(C)(C#N)N=NC(C)(CC)C#N,DTXSID8027747,,205,205_OPPTDB,EPA OPPT,-,acute,human health,rat,oral,=,337,mg/kg-day,192.265,0.0018,2.7563,,-,https://nepis.epa.gov/,,184110,ToxVal00039_3512b6b20900ba69
,Dechlorane Plus,13560-89-9,ClC(C(CCC(C(CC1)C(C2(Cl)Cl)(C(Cl)=C3Cl)Cl)C23Cl)C1C12Cl)(C1(Cl)Cl)C(Cl)=C2Cl,DTXSID7027750,,206,206_OPPTDB,EPA OPPT,-,acute,human health,rat,oral,>,25000,mg/kg-day,653.729,0.0382,1.4175,,-,https://nepis.epa.gov/,,184111,ToxVal00039_b030b549905f8c62
,Dechlorane Plus,13560-89-9,ClC(C(CCC(C(CC1)C(C2(Cl)Cl)(C(Cl)=C3Cl)Cl)C23Cl)C1C12Cl)(C1(Cl)Cl)C(Cl)=C2Cl,DTXSID7027750,,207,207_OPPTDB,EPA OPPT,-,acute,human health,rat,oral,>,3160,mg/kg-day,653.729,0.0048,2.3157,,-,https://nepis.epa.gov/,,184112,ToxVal00039_b030b549905f8c62
,Zinc dibutyldithiocarbamate,136-23-2,CCCCN(CCCC)C([S-])=S.CCCCN(CCCC)C([S-])=S.[Zn+2],DTXSID0021462,,208,208_OPPTDB,EPA OPPT,-,acute,human health,rat,oral,>,5000,mg/kg-day,474.152,0.0105,1.9769,,-,https://nepis.epa.gov/,,184113,ToxVal00039_d912a44d1cd1cf04
,Butyl ether,142-96-1,CCCCOCCCC,DTXSID1022007,,209,209_OPPTDB,EPA OPPT,-,acute,human health,unknown,oral,=,7400,mg/kg-day,130.23,0.0568,1.2455,,-,https://nepis.epa.gov/,,184114,ToxVal00039_1a99acac4ab70fb3
,Bis(butoxyethoxyethoxy)methane,143-29-3,CCCCOCCOCCOCOCCOCCOCCCC,DTXSID3027112,,210,210_OPPTDB,EPA OPPT,-,acute,human health,rat,oral,>,2000,mg/kg-day,336.467,0.0059,2.2259,,-,https://nepis.epa.gov/,,184115,ToxVal00039_0333ab7fc9808976
,"2,2,4-Trimethyl-1,3-pentanediol",144-19-4,CC(C)C(C(C)(C)CO)O,DTXSID8027113,,211,211_OPPTDB,EPA OPPT,-,acute,human health,guinea pig,oral,=,1800,mg/kg-day,146.229,0.0123,1.9098,,-,https://nepis.epa.gov/,,184116,ToxVal00039_375e8941a973535e
,"2,2,4-Trimethyl-1,3-pentanediol",144-19-4,CC(C)C(C(C)(C)CO)O,DTXSID8027113,,212,212_OPPTDB,EPA OPPT,-,acute,human health,rat,oral,<,3000,mg/kg-day,146.229,0.0205,1.6879,,-,https://nepis.epa.gov/,,184117,ToxVal00039_375e8941a973535e
,"1-Dodecene, polymer with 1-decene, hydrogenated",151006-60-9,,DTXSID30107910,,213,213_OPPTDB,EPA OPPT,-,acute,human health,rat,oral,>,2000,mg/kg-day,,#¡DIV/0!,#¡DIV/0!,,-,https://nepis.epa.gov/,,184118,ToxVal00039_4de1cc5166d4ea5d
,"1-Dodecene, polymer with 1-decene, hydrogenated",151006-60-9,,DTXSID30107910,,214,214_OPPTDB,EPA OPPT,-,acute,human health,rat,oral,>,5000,mg/kg-day,,#¡DIV/0!,#¡DIV/0!,,-,https://nepis.epa.gov/,,184119,ToxVal00039_4de1cc5166d4ea5d
,"1-Dodecene, trimer, hydrogenated",151006-62-1,,DTXSID90107911,,215,215_OPPTDB,EPA OPPT,-,acute,human health,rat,oral,>,5000,mg/kg-day,,#¡DIV/0!,#¡DIV/0!,,-,https://nepis.epa.gov/,,184120,ToxVal00039_4ec75f16465f75f6
,Antimony diamyldithiocarbamate,15890-25-2,CCCCCN(CCCCC)C([S-])=S.CCCCCN(CCCCC)C([S-])=S.CCCCCN(CCCCC)C([S-])=S.[Sb+3],DTXSID5027776,,216,216_OPPTDB,EPA OPPT,-,acute,human health,rat,oral,>,16400,mg/kg-day,819.064,0.0200,1.6985,,-,https://nepis.epa.gov/,,184121,ToxVal00039_235d0df891b0eea8
,Aldicarb oxime,1646-75-9,CC(C)(C=NO)SC,DTXSID9024431,,217,217_OPPTDB,EPA OPPT,-,acute,human health,rat,oral,=,2380,mg/kg-day,133.214,0.0179,1.7480,,-,https://nepis.epa.gov/,,184122,ToxVal00039_53dd5cc1e2f88729
,Aldicarb oxime,1646-75-9,CC(C)(C=NO)SC,DTXSID9024431,,218,218_OPPTDB,EPA OPPT,-,acute,human health,rat,oral,=,742,mg/kg-day,133.214,0.0056,2.2541,,-,https://nepis.epa.gov/,,184123,ToxVal00039_53dd5cc1e2f88729
,Aldicarb oxime,1646-75-9,CC(C)(C=NO)SC,DTXSID9024431,,219,219_OPPTDB,EPA OPPT,-,acute,human health,rat,oral,=,746,mg/kg-day,133.214,0.0056,2.2518,,-,https://nepis.epa.gov/,,184124,ToxVal00039_53dd5cc1e2f88729
,Aldicarb oxime,1646-75-9,CC(C)(C=NO)SC,DTXSID9024431,,220,220_OPPTDB,EPA OPPT,-,acute,human health,rat,oral,=,809,mg/kg-day,133.214,0.0061,2.2166,,-,https://nepis.epa.gov/,,184125,ToxVal00039_53dd5cc1e2f88729
,Octabenzone,1843-05-6,CCCCCCCCOc(cc1)cc(O)c1C(c1ccccc1)=O,DTXSID9027441,,221,221_OPPTDB,EPA OPPT,-,acute,human health,rat,oral,>,10000,mg/kg-day,326.434,0.0306,1.5138,,-,https://nepis.epa.gov/,,184126,ToxVal00039_68c92e1a18ec7ca8
,"2-Methylpropane-1,3-diol",2163-42-0,CC(CO)CO,DTXSID3029231,,222,222_OPPTDB,EPA OPPT,-,acute,human health,rat,oral,>,5000,mg/kg-day,90.1214,0.0555,1.2559,,-,https://nepis.epa.gov/,,184127,ToxVal00039_5dd5dcadf4f2de0f
,Thiocarbazide,2231-57-4,NNC(NN)=S,DTXSID7027461,,223,223_OPPTDB,EPA OPPT,-,acute,human health,rat,oral,=,26,mg/kg-day,106.153,0.0002,3.6110,,-,https://nepis.epa.gov/,,184128,ToxVal00039_28f6147dfddd3dbb
,Thiocarbazide,2231-57-4,NNC(NN)=S,DTXSID7027461,,224,224_OPPTDB,EPA OPPT,-,acute,human health,rat,oral,=,35,mg/kg-day,106.153,0.0003,3.4819,,-,https://nepis.epa.gov/,,184129,ToxVal00039_28f6147dfddd3dbb
,ECC,2386-87-0,O=C(C1CC2OC2CC1)OCC1CC2OC2CC1,DTXSID2027466,,225,225_OPPTDB,EPA OPPT,-,acute,human health,rat,oral,=,5000,mg/kg-day,252.309,0.0198,1.7030,,-,https://nepis.epa.gov/,,184130,ToxVal00039_c2f3ffc08c017dc4
,n-Undecyl cyanide,2437-25-4,CCCCCCCCCCCC#N,DTXSID1022188,,226,226_OPPTDB,EPA OPPT,-,acute,human health,rat,oral,>,2000,mg/kg-day,181.322,0.0110,1.9574,,-,https://nepis.epa.gov/,,184131,ToxVal00039_7393cc6bce45c217
,n-Undecyl cyanide,2437-25-4,CCCCCCCCCCCC#N,DTXSID1022188,,227,227_OPPTDB,EPA OPPT,-,acute,human health,rat,oral,=,3400,mg/kg-day,181.322,0.0188,1.7270,,-,https://nepis.epa.gov/,,184132,ToxVal00039_7393cc6bce45c217
,"Tris(2,3-epoxypropyl)isocyanurate",2451-62-9,O=C(N(CC1OC1)C(N1CC2OC2)=O)N(CC2OC2)C1=O,DTXSID4026262,,228,228_OPPTDB,EPA OPPT,-,acute,human health,rat,oral,<,100,mg/kg-day,297.266,0.0003,3.4731,,-,https://nepis.epa.gov/,,184133,ToxVal00039_35addbc4559b82c6
,"Tris(2,3-epoxypropyl)isocyanurate",2451-62-9,O=C(N(CC1OC1)C(N1CC2OC2)=O)N(CC2OC2)C1=O,DTXSID4026262,,229,229_OPPTDB,EPA OPPT,-,acute,human health,rat,oral,=,171,mg/kg-day,297.266,0.0006,3.2401,,-,https://nepis.epa.gov/,,184134,ToxVal00039_35addbc4559b82c6
,"Tris(2,3-epoxypropyl)isocyanurate",2451-62-9,O=C(N(CC1OC1)C(N1CC2OC2)=O)N(CC2OC2)C1=O,DTXSID4026262,,230,230_OPPTDB,EPA OPPT,-,acute,human health,rat,oral,=,255,mg/kg-day,297.266,0.0009,3.0666,,-,https://nepis.epa.gov/,,184135,ToxVal00039_35addbc4559b82c6
,"Tris(2,3-epoxypropyl)isocyanurate",2451-62-9,O=C(N(CC1OC1)C(N1CC2OC2)=O)N(CC2OC2)C1=O,DTXSID4026262,,231,231_OPPTDB,EPA OPPT,-,acute,human health,rat,oral,=,305,mg/kg-day,297.266,0.0010,2.9888,,-,https://nepis.epa.gov/,,184136,ToxVal00039_35addbc4559b82c6
,"Tris(2,3-epoxypropyl)isocyanurate",2451-62-9,O=C(N(CC1OC1)C(N1CC2OC2)=O)N(CC2OC2)C1=O,DTXSID4026262,,232,232_OPPTDB,EPA OPPT,-,acute,human health,rat,oral,=,431,mg/kg-day,297.266,0.0014,2.8387,,-,https://nepis.epa.gov/,,184137,ToxVal00039_35addbc4559b82c6
,Vinyltoluene,25013-15-4,C=CCc1ccccc1,DTXSID6026292,,233,233_OPPTDB,EPA OPPT,-,acute,human health,rat,oral,=,4000,mg/kg-day,118.178,0.0338,1.4705,,-,https://nepis.epa.gov/,,184138,ToxVal00039_405d08c0b71bee78
,Trixylyl phosphate,25155-23-1,Cc1cccc(OP(Oc2c(C)c(C)ccc2)(Oc2c(C)c(C)ccc2)=O)c1C,DTXSID9026267,,234,234_OPPTDB,EPA OPPT,-,acute,human health,rat,oral,>,20000,mg/kg-day,410.448,0.0487,1.3122,,-,https://nepis.epa.gov/,,184139,ToxVal00039_f94c3442fdb751d5
,Trixylyl phosphate,25155-23-1,Cc1cccc(OP(Oc2c(C)c(C)ccc2)(Oc2c(C)c(C)ccc2)=O)c1C,DTXSID9026267,,235,235_OPPTDB,EPA OPPT,-,acute,human health,rat,oral,>,5000,mg/kg-day,410.448,0.0122,1.9143,,-,https://nepis.epa.gov/,,184140,ToxVal00039_f94c3442fdb751d5
,Dibutyl phenyl phosphate,2528-36-1,CCCCOP(OCCCC)(Oc1ccccc1)=O,DTXSID50873428,,236,236_OPPTDB,EPA OPPT,-,acute,human health,rat,oral,=,2620,mg/kg-day,286.307,0.0092,2.0385,,-,https://nepis.epa.gov/,,184141,ToxVal00039_528d2deafb1142f0
,Nonylphenolphosphite(3:1),26523-78-4,CCCCCCCCCc(cc1)ccc1OP(Oc1ccc(CCCCCCCCC)cc1)Oc1ccc(CCCCCCCCC)cc1,DTXSID8027903,,237,237_OPPTDB,EPA OPPT,-,acute,human health,rat,oral,=,19500,mg/kg-day,689.014,0.0283,1.5482,,-,https://nepis.epa.gov/,,184142,ToxVal00039_23bbf2c297433bc4
,Glycidyl neodecanoate,26761-45-5,CC(C)(C)CCCCCC(OCC1OC1)=O,DTXSID8025705,,238,238_OPPTDB,EPA OPPT,-,acute,human health,rat,oral,>,10000,mg/kg-day,228.331,0.0438,1.3586,,-,https://nepis.epa.gov/,,184143,ToxVal00039_0e9d22d78120656e
,"1,3,5-Triazine-2,4,6(1H,3H,5H)-trione, 1,3,5-tris[[3,5-bis(1,1-dimethylethyl)-4-hydroxyphenyl]methyl]-",27676-62-6,CC(C)(C)c1cc(CN(C(N(Cc(cc2C(C)(C)C)cc(C(C)(C)C)c2O)C(N2Cc(cc3C(C)(C)C)cc(C(C)(C)C)c3O)=O)=O)C2=O)cc(C(C)(C)C)c1O,DTXSID0027935,,239,239_OPPTDB,EPA OPPT,-,acute,human health,rat,oral,>,5000,mg/kg-day,784.091,0.0064,2.1954,,-,https://nepis.epa.gov/,,184144,ToxVal00039_25c81e67ebfa37ae
,"1,3-Bis(2-isocyanato-2-propyl)benzene",2778-42-9,CC(C)(c1cccc(C(C)(C)N=C=O)c1)N=C=O,DTXSID4027498,,240,240_OPPTDB,EPA OPPT,-,acute,human health,rat,oral,>,5000,mg/kg-day,244.293,0.0205,1.6889,,-,https://nepis.epa.gov/,,184145,ToxVal00039_daa7aad9b92f0d71
,Isooctyl acrylate,29590-42-9,CC(C)CCCCCOC(C=C)=O,DTXSID8027955,,241,241_OPPTDB,EPA OPPT,-,acute,human health,rat,oral,>,5000,mg/kg-day,184.278,0.0271,1.5665,,-,https://nepis.epa.gov/,,184146,ToxVal00039_0eda53dcd30e4984
,Isodecyl diphenyl phosphate,29761-21-5,CC(C)CCCCCCCOP(Oc1ccccc1)(Oc1ccccc1)=O,DTXSID3025465,,242,242_OPPTDB,EPA OPPT,-,acute,human health,rat,oral,>,27000,mg/kg-day,390.458,0.0691,1.1602,,-,https://nepis.epa.gov/,,184147,ToxVal00039_694a40d3b33f8a46
,Isodecyl diphenyl phosphate,29761-21-5,CC(C)CCCCCCCOP(Oc1ccccc1)(Oc1ccccc1)=O,DTXSID3025465,,243,243_OPPTDB,EPA OPPT,-,acute,human health,rat,oral,>,5000,mg/kg-day,390.458,0.0128,1.8926,,-,https://nepis.epa.gov/,,184148,ToxVal00039_694a40d3b33f8a46
,Isodecyl diphenyl phosphate,29761-21-5,CC(C)CCCCCCCOP(Oc1ccccc1)(Oc1ccccc1)=O,DTXSID3025465,,244,244_OPPTDB,EPA OPPT,-,acute,human health,rat,oral,>,5010,mg/kg-day,390.458,0.0128,1.8917,,-,https://nepis.epa.gov/,,184149,ToxVal00039_694a40d3b33f8a46
,2-Ethylhexyl hexadecanoate,29806-73-3,CCCCCCCCCCCCCCCC(OCC(CC)CCCC)=O,DTXSID3027958,,245,245_OPPTDB,EPA OPPT,-,acute,human health,rat,oral,>,5000,mg/kg-day,368.643,0.0136,1.8676,,-,https://nepis.epa.gov/,,184150,ToxVal00039_21f98b4d57eb1f70
,"2,2-Dichloro-1,1,1-trifluoroethane",306-83-2,FC(C(Cl)Cl)(F)F,DTXSID7020712,,246,246_OPPTDB,EPA OPPT,-,acute,human health,rat,oral,=,9000,mg/kg-day,152.93,0.0589,1.2303,,-,https://nepis.epa.gov/,,184151,ToxVal00039_330360e91cf1b148
,"1,2-Dichloro-4-(trifluoromethyl)benzene",328-84-7,FC(c(cc1)cc(Cl)c1Cl)(F)F,DTXSID5027142,,247,247_OPPTDB,EPA OPPT,-,acute,human health,rat,oral,=,1150,mg/kg-day,215.001,0.0053,2.2717,,-,https://nepis.epa.gov/,,184152,ToxVal00039_0d0f7e487fb08883
,Pentaerythritol dibromide,3296-90-0,OCC(CO)(CO)CO.[Br-].[Br-],DTXSID9020164,,248,248_OPPTDB,EPA OPPT,-,acute,human health,rat,oral,=,1880,mg/kg-day,295.954,0.0064,2.1971,,-,https://nepis.epa.gov/,,184153,ToxVal00039_22f054c6df929ef7
,Pentaerythritol dibromide,3296-90-0,OCC(CO)(CO)CO.[Br-].[Br-],DTXSID9020164,,249,249_OPPTDB,EPA OPPT,-,acute,human health,rat,oral,>,2000,mg/kg-day,295.954,0.0068,2.1702,,-,https://nepis.epa.gov/,,184154,ToxVal00039_22f054c6df929ef7
,"Benzenepropanoic acid, 3,5-bis(1,1-dimethylethyl)-4-hydroxy-, 1,6-hexanediyl ester",35074-77-2,,DTXSID0027985,,250,250_OPPTDB,EPA OPPT,-,acute,human health,mouse,oral,>,7750,mg/kg-day,,#¡DIV/0!,#¡DIV/0!,,-,https://nepis.epa.gov/,,184155,ToxVal00039_225d8108a0312936
,"4,4'-(4,4'-Isopropylidenediphenoxy)bisphthalic dianhydride",38103-06-9,,DTXSID3028001,,251,251_OPPTDB,EPA OPPT,-,acute,human health,rat,oral,>,5000,mg/kg-day,,#¡DIV/0!,#¡DIV/0!,,-,https://nepis.epa.gov/,,184156,ToxVal00039_bd0db24e248f2c5f
,"4,4'-(4,4'-Isopropylidenediphenoxy)bisphthalic dianhydride",38103-06-9,,DTXSID3028001,,252,252_OPPTDB,EPA OPPT,-,acute,human health,rat,oral,>,5000,mg/kg-day,,#¡DIV/0!,#¡DIV/0!,,-,https://nepis.epa.gov/,,184157,ToxVal00039_bd0db24e248f2c5f
,"Thiophene, tetrahydro-, 1,1-dioxide, 3-(C9-11-isoalkyloxy) derivs., C10-rich",398141-87-2,,DTXSID70109054,,253,253_OPPTDB,EPA OPPT,-,acute,human health,rat,oral,>,10000,mg/kg-day,,#¡DIV/0!,#¡DIV/0!,,-,https://nepis.epa.gov/,,184158,ToxVal00039_29895820bff84776
,Methyl heptenone,409-02-9,CCCC=CC(CC)=O,DTXSID9027152,,254,254_OPPTDB,EPA OPPT,-,acute,human health,rat,oral,>,2000,mg/kg-day,126.198,0.0158,1.8000,,-,https://nepis.epa.gov/,,184159,ToxVal00039_6a12e1362d811cd6
,"Thiodiethylene bis(3-(3,5-di-tert-butyl-4-hydroxyphenyl)propionate)",41484-35-9,CC(C)(C)c1cc(CCC(OCCSCCOC(CCc(cc2C(C)(C)C)cc(C(C)(C)C)c2O)=O)=O)cc(C(C)(C)C)c1O,DTXSID7028011,,255,255_OPPTDB,EPA OPPT,-,acute,human health,rat,oral,>,5000,mg/kg-day,642.939,0.0078,2.1092,,-,https://nepis.epa.gov/,,184160,ToxVal00039_16135bcc3388f6db
,N-Methyl-4-nitrophthalimide,41663-84-7,CN(C(c(cc1)c2cc1[N+]([O-])=O)=O)C2=O,DTXSID7028013,,256,256_OPPTDB,EPA OPPT,-,acute,human health,rat,oral,=,2800,mg/kg-day,206.157,0.0136,1.8670,,-,https://nepis.epa.gov/,,184161,ToxVal00039_37ba53ca1d5687d4
,N-tert-Octylacrylamide,4223-03-4,CC(C)(C)CC(C)(C)NC(C=C)=O,DTXSID5027564,,257,257_OPPTDB,EPA OPPT,-,acute,human health,rat,oral,<,1000,mg/kg-day,183.294,0.0055,2.2631,,-,https://nepis.epa.gov/,,184162,ToxVal00039_50511a30a34b0841
,N-tert-Octylacrylamide,4223-03-4,CC(C)(C)CC(C)(C)NC(C=C)=O,DTXSID5027564,,258,258_OPPTDB,EPA OPPT,-,acute,human health,mouse,oral,<,800,mg/kg-day,183.294,0.0044,2.3601,,-,https://nepis.epa.gov/,,184163,ToxVal00039_50511a30a34b0841
,"1,5,9-Cyclododecatriene",4904-61-4,C1C=CCCC=CCCC=CC1,DTXSID8027581,,259,259_OPPTDB,EPA OPPT,-,acute,human health,rat,oral,=,2500,mg/kg-day,162.275,0.0154,1.8123,,-,https://nepis.epa.gov/,,184164,ToxVal00039_b33890473441131c
,C.I. Pigment Yellow 13,5102-83-0,CC(C(C(Nc1c(C)cc(C)cc1)=O)N=Nc(ccc(-c(cc1)cc(Cl)c1N=NC(C(C)=O)C(Nc1c(C)cc(C)cc1)=O)c1)c1Cl)=O,DTXSID0029268,,260,260_OPPTDB,EPA OPPT,-,acute,human health,unknown,oral,>,3000,mg/kg-day,685.61,0.0044,2.3590,,-,https://nepis.epa.gov/,,184165,ToxVal00039_8d0aad02d0378eed
,5(6)-Carboxy-4-hexyl-2-cyclohexene-1-octanoic acid,53980-88-4,,DTXSID0028034,,261,261_OPPTDB,EPA OPPT,-,acute,human health,rat,oral,=,6176,mg/kg-day,,#¡DIV/0!,#¡DIV/0!,,-,https://nepis.epa.gov/,,184166,ToxVal00039_919bb12fcc6fe9f7
,"2,2,4-Trimethylpentane",540-84-1,CC(C)CC(C)(C)C,DTXSID7024370,,262,262_OPPTDB,EPA OPPT,-,acute,human health,rat,oral,=,12870,mg/kg-day,114.231,0.1127,0.9482,,-,https://nepis.epa.gov/,,184167,ToxVal00039_8c80756861e0d951
,"2,2,4-Trimethylpentane",540-84-1,CC(C)CC(C)(C)C,DTXSID7024370,,263,263_OPPTDB,EPA OPPT,-,acute,human health,rat,oral,=,15840,mg/kg-day,114.231,0.1387,0.8580,,-,https://nepis.epa.gov/,,184168,ToxVal00039_8c80756861e0d951
,"2,2,4-Trimethylpentane",540-84-1,CC(C)CC(C)(C)C,DTXSID7024370,,264,264_OPPTDB,EPA OPPT,-,acute,human health,rat,oral,=,28720,mg/kg-day,114.231,0.2514,0.5996,,-,https://nepis.epa.gov/,,184169,ToxVal00039_8c80756861e0d951
,"2,2,4-Trimethylpentane",540-84-1,CC(C)CC(C)(C)C,DTXSID7024370,,265,265_OPPTDB,EPA OPPT,-,acute,human health,rat,oral,=,29700,mg/kg-day,114.231,0.2600,0.5850,,-,https://nepis.epa.gov/,,184170,ToxVal00039_8c80756861e0d951
,"2,2,4-Trimethylpentane",540-84-1,CC(C)CC(C)(C)C,DTXSID7024370,,266,266_OPPTDB,EPA OPPT,-,acute,human health,rat,oral,=,29800,mg/kg-day,114.231,0.2609,0.5836,,-,https://nepis.epa.gov/,,184171,ToxVal00039_8c80756861e0d951
,"2,2,4-Trimethylpentane",540-84-1,CC(C)CC(C)(C)C,DTXSID7024370,,267,267_OPPTDB,EPA OPPT,-,acute,human health,rat,oral,=,30420,mg/kg-day,114.231,0.2663,0.5746,,-,https://nepis.epa.gov/,,184172,ToxVal00039_8c80756861e0d951
,"2,2,4-Trimethylpentane",540-84-1,CC(C)CC(C)(C)C,DTXSID7024370,,268,268_OPPTDB,EPA OPPT,-,acute,human health,rat,oral,>,5000,mg/kg-day,114.231,0.0438,1.3588,,-,https://nepis.epa.gov/,,184173,ToxVal00039_8c80756861e0d951
,Triisopropyl orthoborate,5419-55-6,CC(C)OB(OC(C)C)OC(C)C,DTXSID7027598,,269,269_OPPTDB,EPA OPPT,-,acute,human health,rat,oral,=,8126,mg/kg-day,188.074,0.0432,1.3645,,-,https://nepis.epa.gov/,,184174,ToxVal00039_ab1c02b78ad6986f
,C.I. Pigment Yellow 14,5468-75-7,CC(C(C(Nc1c(C)cccc1)=O)N=Nc(ccc(-c(cc1)cc(Cl)c1N=NC(C(C)=O)C(Nc1c(C)cccc1)=O)c1)c1Cl)=O,DTXSID9027601,,270,270_OPPTDB,EPA OPPT,-,acute,human health,unknown,oral,>,17000,mg/kg-day,657.556,0.0259,1.5875,,-,https://nepis.epa.gov/,,184175,ToxVal00039_8a182f0b1177db18
,Trinitroglycerin,55-63-0,[O-][N+](C(CO)(C([N+]([O-])=O)([N+]([O-])=O)O)O)=O,DTXSID1021407,,271,271_OPPTDB,EPA OPPT,-,acute,human health,rat,oral,=,685,mg/kg-day,227.085,0.0030,2.5205,,-,https://nepis.epa.gov/,,184176,ToxVal00039_9a03fabbc8b8a00c
,3-Chloro-2-methylpropene,563-47-3,CC(CCl)=C,DTXSID1020279,,272,272_OPPTDB,EPA OPPT,-,acute,human health,rat,oral,=,1149,mg/kg-day,90.5526,0.0127,1.8966,,-,https://nepis.epa.gov/,,184177,ToxVal00039_1326c9249127389e
,3-Chloro-2-methylpropene,563-47-3,CC(CCl)=C,DTXSID1020279,,273,273_OPPTDB,EPA OPPT,-,acute,human health,rat,oral,=,848,mg/kg-day,90.5526,0.0094,2.0285,,-,https://nepis.epa.gov/,,184178,ToxVal00039_1326c9249127389e
,3-Methyl-2-butanone,563-80-4,CC(C)C(C)=O,DTXSID0022062,,274,274_OPPTDB,EPA OPPT,-,acute,human health,rat,oral,=,3078,mg/kg-day,86.1334,0.0357,1.4469,,-,https://nepis.epa.gov/,,184179,ToxVal00039_30d2b6ab40fe1585
,Benzyltrimethylammonium chloride,56-93-9,C[N+](C)(C)Cc1ccccc1.[Cl-],DTXSID8024600,,275,275_OPPTDB,EPA OPPT,-,acute,human health,rat,oral,=,180,mg/kg-day,185.697,0.0010,3.0135,,-,https://nepis.epa.gov/,,184180,ToxVal00039_fc6542e1ddef04b2
,Butyl propionate,590-01-2,CCCCOC(CC)=O,DTXSID5027223,,276,276_OPPTDB,EPA OPPT,-,acute,human health,rat,oral,=,11031,mg/kg-day,130.186,0.0847,1.0719,,-,https://nepis.epa.gov/,,184181,ToxVal00039_0d8e6a2d0278ff93
,Butyl propionate,590-01-2,CCCCOC(CC)=O,DTXSID5027223,,277,277_OPPTDB,EPA OPPT,-,acute,human health,rat,oral,=,12344,mg/kg-day,130.186,0.0948,1.0231,,-,https://nepis.epa.gov/,,184182,ToxVal00039_0d8e6a2d0278ff93
,Butyl propionate,590-01-2,CCCCOC(CC)=O,DTXSID5027223,,278,278_OPPTDB,EPA OPPT,-,acute,human health,rat,oral,>,14008,mg/kg-day,130.186,0.1076,0.9682,,-,https://nepis.epa.gov/,,184183,ToxVal00039_0d8e6a2d0278ff93
,Butyl propionate,590-01-2,CCCCOC(CC)=O,DTXSID5027223,,279,279_OPPTDB,EPA OPPT,-,acute,human health,rat,oral,>,5000,mg/kg-day,130.186,0.0384,1.4156,,-,https://nepis.epa.gov/,,184184,ToxVal00039_0d8e6a2d0278ff93
,2-Phenylethanol,60-12-8,OCCc1ccccc1,DTXSID9026342,,280,280_OPPTDB,EPA OPPT,-,acute,human health,rat,oral,=,1500,mg/kg-day,122.166,0.0123,1.9109,,-,https://nepis.epa.gov/,,184185,ToxVal00039_ffd497f4e3020f80
,2-Phenylethanol,60-12-8,OCCc1ccccc1,DTXSID9026342,,281,281_OPPTDB,EPA OPPT,-,acute,human health,rat,oral,=,1609,mg/kg-day,122.166,0.0132,1.8804,,-,https://nepis.epa.gov/,,184186,ToxVal00039_ffd497f4e3020f80
,2-Phenylethanol,60-12-8,OCCc1ccccc1,DTXSID9026342,,282,282_OPPTDB,EPA OPPT,-,acute,human health,rat,oral,=,1790,mg/kg-day,122.166,0.0147,1.8341,,-,https://nepis.epa.gov/,,184187,ToxVal00039_ffd497f4e3020f80
,2-Phenylethanol,60-12-8,OCCc1ccccc1,DTXSID9026342,,283,283_OPPTDB,EPA OPPT,-,acute,human health,rat,oral,=,2509,mg/kg-day,122.166,0.0205,1.6874,,-,https://nepis.epa.gov/,,184188,ToxVal00039_ffd497f4e3020f80
,Diethyl ether,60-29-7,CCOCC,DTXSID3021720,,284,284_OPPTDB,EPA OPPT,-,acute,human health,rat,oral,=,1211,mg/kg-day,74.1224,0.0163,1.7868,,-,https://nepis.epa.gov/,,184189,ToxVal00039_9969a5cd9b69c0b5
,Diethyl ether,60-29-7,CCOCC,DTXSID3021720,,285,285_OPPTDB,EPA OPPT,-,acute,human health,rat,oral,=,1568,mg/kg-day,74.1224,0.0212,1.6746,,-,https://nepis.epa.gov/,,184190,ToxVal00039_9969a5cd9b69c0b5
,Diethyl ether,60-29-7,CCOCC,DTXSID3021720,,286,286_OPPTDB,EPA OPPT,-,acute,human health,rat,oral,=,1710,mg/kg-day,74.1224,0.0231,1.6370,,-,https://nepis.epa.gov/,,184191,ToxVal00039_9969a5cd9b69c0b5
,2-Pyrrolidinone,616-45-5,O=C1NCCC1,DTXSID8027246,,287,287_OPPTDB,EPA OPPT,-,acute,human health,rat,oral,>,5000,mg/kg-day,85.1056,0.0588,1.2310,,-,https://nepis.epa.gov/,,184192,ToxVal00039_73789e3d3bff9fef
,Hydrogenated terphenyl,61788-32-7,C(C1)CC=CC1c1ccc(C2CC=CCC2)cc1,DTXSID3028051,,288,288_OPPTDB,EPA OPPT,-,acute,human health,rat,oral,>,10000,mg/kg-day,238.373,0.0420,1.3773,,-,https://nepis.epa.gov/,,184193,ToxVal00039_cfee83aed7d8b6b2
,Hydrogenated terphenyl,61788-32-7,C(C1)CC=CC1c1ccc(C2CC=CCC2)cc1,DTXSID3028051,,289,289_OPPTDB,EPA OPPT,-,acute,human health,rat,oral,>,24000,mg/kg-day,238.373,0.1007,0.9970,,-,https://nepis.epa.gov/,,184194,ToxVal00039_cfee83aed7d8b6b2
,Cobalt naphthenates,61789-51-3,OC(c1cc2ccccc2cc1)=O.OC(c1cc2ccccc2cc1)=O.[Co],DTXSID1024839,,290,290_OPPTDB,EPA OPPT,-,acute,human health,rat,oral,=,2800,mg/kg-day,403.298,0.0069,2.1585,,-,https://nepis.epa.gov/,,184195,ToxVal00039_0725eaa8c8fafbf7
,Cobalt naphthenates,61789-51-3,OC(c1cc2ccccc2cc1)=O.OC(c1cc2ccccc2cc1)=O.[Co],DTXSID1024839,,291,291_OPPTDB,EPA OPPT,-,acute,human health,rat,oral,=,2828,mg/kg-day,403.298,0.0070,2.1541,,-,https://nepis.epa.gov/,,184196,ToxVal00039_0725eaa8c8fafbf7
,"Nitriles, coco",61789-53-5,,DTXSID6028076,,292,292_OPPTDB,EPA OPPT,-,acute,human health,rat,oral,>,2000,mg/kg-day,,#¡DIV/0!,#¡DIV/0!,,-,https://nepis.epa.gov/,,184197,ToxVal00039_f55da72a53beac77
,"Nitriles, tallow",61790-28-1,,DTXSID9028091,,293,293_OPPTDB,EPA OPPT,-,acute,human health,rat,oral,>,2000,mg/kg-day,,#¡DIV/0!,#¡DIV/0!,,-,https://nepis.epa.gov/,,184198,ToxVal00039_206b7f10ec371ce1
,"Nitriles, tallow",61790-28-1,,DTXSID9028091,,294,294_OPPTDB,EPA OPPT,-,acute,human health,rat,oral,>,5000,mg/kg-day,,#¡DIV/0!,#¡DIV/0!,,-,https://nepis.epa.gov/,,184199,ToxVal00039_206b7f10ec371ce1
,"Nitriles, tallow",61790-28-1,,DTXSID9028091,,295,295_OPPTDB,EPA OPPT,-,acute,human health,rat,oral,>,6000,mg/kg-day,,#¡DIV/0!,#¡DIV/0!,,-,https://nepis.epa.gov/,,184200,ToxVal00039_206b7f10ec371ce1
,"Nitriles, tallow, hydrogenated",61790-29-2,,DTXSID4028092,,296,296_OPPTDB,EPA OPPT,-,acute,human health,rat,oral,>,2000,mg/kg-day,,#¡DIV/0!,#¡DIV/0!,,-,https://nepis.epa.gov/,,184201,ToxVal00039_93d0ddd7fb1b7936
,4-Methylstyrene,622-97-9,Cc1ccc(C=C)cc1,DTXSID3020889,,297,297_OPPTDB,EPA OPPT,-,acute,human health,mouse,oral,=,1072,mg/kg-day,118.178,0.0091,2.0423,,-,https://nepis.epa.gov/,,184202,ToxVal00039_fd7b67c017501656
,4-Methylstyrene,622-97-9,Cc1ccc(C=C)cc1,DTXSID3020889,,298,298_OPPTDB,EPA OPPT,-,acute,human health,mouse,oral,=,1150,mg/kg-day,118.178,0.0097,2.0118,,-,https://nepis.epa.gov/,,184203,ToxVal00039_fd7b67c017501656
,4-Methylstyrene,622-97-9,Cc1ccc(C=C)cc1,DTXSID3020889,,299,299_OPPTDB,EPA OPPT,-,acute,human health,rat,oral,=,2523,mg/kg-day,118.178,0.0213,1.6706,,-,https://nepis.epa.gov/,,184204,ToxVal00039_fd7b67c017501656
,4-Methylstyrene,622-97-9,Cc1ccc(C=C)cc1,DTXSID3020889,,300,300_OPPTDB,EPA OPPT,-,acute,human health,rat,oral,=,4935,mg/kg-day,118.178,0.0418,1.3792,,-,https://nepis.epa.gov/,,184205,ToxVal00039_fd7b67c017501656
,Methyl disulfide,624-92-0,CSSC,DTXSID4025117,,301,301_OPPTDB,EPA OPPT,-,acute,human health,rat,oral,>,188,mg/kg-day,94.2016,0.0020,2.6999,,-,https://nepis.epa.gov/,,184206,ToxVal00039_684eeab5fb7b6f1d
,Methyl disulfide,624-92-0,CSSC,DTXSID4025117,,302,302_OPPTDB,EPA OPPT,-,acute,human health,rat,oral,>,190,mg/kg-day,94.2016,0.0020,2.6953,,-,https://nepis.epa.gov/,,184207,ToxVal00039_0e1da3252d4832f3
,Methyl disulfide,624-92-0,CSSC,DTXSID4025117,,303,303_OPPTDB,EPA OPPT,-,acute,human health,rat,oral,=,290,mg/kg-day,94.2016,0.0031,2.5117,,-,https://nepis.epa.gov/,,184208,ToxVal00039_684eeab5fb7b6f1d
,Dipropyl disulfide,629-19-6,CCCSSCCC,DTXSID2022096,,304,304_OPPTDB,EPA OPPT,-,acute,human health,rat,oral,>,2000,mg/kg-day,150.309,0.0133,1.8760,,-,https://nepis.epa.gov/,,184209,ToxVal00039_375c2cbc674c63c5
,C.I. Pigment Yellow 12,6358-85-6,CC(C(C(Nc1ccccc1)=O)N=Nc(ccc(-c(cc1)cc(Cl)c1N=NC(C(C)=O)C(Nc1ccccc1)=O)c1)c1Cl)=O,DTXSID1021451,,305,305_OPPTDB,EPA OPPT,-,acute,human health,unknown,oral,>,17000,mg/kg-day,629.502,0.0270,1.5685,,-,https://nepis.epa.gov/,,184210,ToxVal00039_38d5eaed850d5f72
,"Methyl 3,3-dimethylpent-4-enoate",63721-05-1,CC(C)(CC(OC)=O)C=C,DTXSID9028120,,306,306_OPPTDB,EPA OPPT,-,acute,human health,rat,oral,>,5000,mg/kg-day,142.197,0.0352,1.4539,,-,https://nepis.epa.gov/,,184211,ToxVal00039_db8f41390fd3e6e6
,"Methyl 3,3-dimethylpent-4-enoate",63721-05-1,CC(C)(CC(OC)=O)C=C,DTXSID9028120,,307,307_OPPTDB,EPA OPPT,-,acute,human health,rat,oral,=,5498,mg/kg-day,142.197,0.0387,1.4127,,-,https://nepis.epa.gov/,,184212,ToxVal00039_db8f41390fd3e6e6
,"1,3-Dioxolane",646-06-0,C1OCOC1,DTXSID4027284,,308,308_OPPTDB,EPA OPPT,-,acute,human health,rat,oral,=,5200,mg/kg-day,74.0786,0.0702,1.1537,,-,https://nepis.epa.gov/,,184213,ToxVal00039_c74323c9b233562c
,"1,3-Dioxolane",646-06-0,C1OCOC1,DTXSID4027284,,309,309_OPPTDB,EPA OPPT,-,acute,human health,rat,oral,>,5380,mg/kg-day,74.0786,0.0726,1.1389,,-,https://nepis.epa.gov/,,184214,ToxVal00039_c74323c9b233562c
,"Ethyl N-[(dimethylamino)iminomethyl]-N-methylcarbamate,hydrochloride",65086-85-3,,DTXSID2070188,,310,310_OPPTDB,EPA OPPT,-,acute,human health,rat,oral,>,11000,mg/kg-day,,#¡DIV/0!,#¡DIV/0!,,-,https://nepis.epa.gov/,,184215,ToxVal00039_f8cbc7cd1d093dd8
,"1-(4-Chlorophenyl)-4,4-dimethyl-pentan-3-one",66346-01-8,CC(C)(C)C(CCc(cc1)ccc1Cl)=O,DTXSID7028300,,311,311_OPPTDB,EPA OPPT,-,acute,human health,rat,oral,=,3145,mg/kg-day,224.73,0.0140,1.8540,,-,https://nepis.epa.gov/,,184216,ToxVal00039_14c6b8f59ad0ca3f
,"1-(4-Chlorophenyl)-4,4-dimethyl-pentan-3-one",66346-01-8,CC(C)(C)C(CCc(cc1)ccc1Cl)=O,DTXSID7028300,,312,312_OPPTDB,EPA OPPT,-,acute,human health,rat,oral,=,4748,mg/kg-day,224.73,0.0211,1.6752,,-,https://nepis.epa.gov/,,184217,ToxVal00039_14c6b8f59ad0ca3f
,"1-(4-Chlorophenyl)-4,4-dimethyl-pentan-3-one",66346-01-8,CC(C)(C)C(CCc(cc1)ccc1Cl)=O,DTXSID7028300,,313,313_OPPTDB,EPA OPPT,-,acute,human health,rat,oral,=,4823,mg/kg-day,224.73,0.0215,1.6683,,-,https://nepis.epa.gov/,,184218,ToxVal00039_14c6b8f59ad0ca3f
,"Fatty acids, tall-oil, 2-ethylhexyl esters",68334-13-4,,DTXSID0028452,,314,314_OPPTDB,EPA OPPT,-,acute,human health,rat,oral,>,64000,mg/kg-day,,#¡DIV/0!,#¡DIV/0!,,-,https://nepis.epa.gov/,,184219,ToxVal00039_188950f613549e5a
,"2-Imidazolidinone, 4,5-dihydroxy-1,3-bis(hydroxymethyl)-, methylated",68411-81-4,,DTXSID7028481,,315,315_OPPTDB,EPA OPPT,-,acute,human health,rat,oral,>,10000,mg/kg-day,,#¡DIV/0!,#¡DIV/0!,,-,https://nepis.epa.gov/,,184220,ToxVal00039_4bdf4e803a5300f2
,"2-Imidazolidinone, 4,5-dihydroxy-1,3-bis(hydroxymethyl)-, methylated",68411-81-4,,DTXSID7028481,,316,316_OPPTDB,EPA OPPT,-,acute,human health,mouse,oral,>,10000,mg/kg-day,,#¡DIV/0!,#¡DIV/0!,,-,https://nepis.epa.gov/,,184221,ToxVal00039_4bdf4e803a5300f2
,"2-Imidazolidinone, 4,5-dihydroxy-1,3-bis(hydroxymethyl)-, methylated",68411-81-4,,DTXSID7028481,,317,317_OPPTDB,EPA OPPT,-,acute,human health,rat,oral,>,2880,mg/kg-day,,#¡DIV/0!,#¡DIV/0!,,-,https://nepis.epa.gov/,,184222,ToxVal00039_4bdf4e803a5300f2
,"Hexanedinitrile, hydrogenated, high-boiling fraction",68411-90-5,,DTXSID2028482,,318,318_OPPTDB,EPA OPPT,-,acute,human health,rat,oral,=,450,mg/kg-day,,#¡DIV/0!,#¡DIV/0!,,-,https://nepis.epa.gov/,,184223,ToxVal00039_61634767b489c119
,"Cobalt, borate neodecanoate complexes",68457-13-6,,DTXSID2028511,,319,319_OPPTDB,EPA OPPT,-,acute,human health,rat,oral,=,1098,mg/kg-day,,#¡DIV/0!,#¡DIV/0!,,-,https://nepis.epa.gov/,,184224,ToxVal00039_f31f6fe4faf76749
,"Benzene, C6-12-alkyl derivs.",68608-80-0,CCCCCCCCCc1ccccc1,DTXSID3028766,,320,320_OPPTDB,EPA OPPT,-,acute,human health,rat,oral,>,10000,mg/kg-day,204.356,0.0489,1.3104,,-,https://nepis.epa.gov/,,184225,ToxVal00039_fbb6697f15ef24ec
,Alkyl (C12-C14) glycidyl ether,68609-97-2,CCCCCCCCCCCCCCOCC1OC1.CCCCCCCCCCCCCOCC1OC1.CCCCCCCCCCCCOCC1OC1,DTXSID7028774,,321,321_OPPTDB,EPA OPPT,-,acute,human health,rat,oral,=,17100,mg/kg-day,769.284,0.0222,1.6531,,-,https://nepis.epa.gov/,,184226,ToxVal00039_5487d2f7607c3530
,"Phenol, 4-methyl-, reaction products with dicyclopentadiene and isobutylene",68610-51-5,,DTXSID7028776,,322,322_OPPTDB,EPA OPPT,-,acute,human health,rat,oral,>,5000,mg/kg-day,,#¡DIV/0!,#¡DIV/0!,,-,https://nepis.epa.gov/,,184227,ToxVal00039_7fb84e90a500b9c5
,"Phenol, 4-methyl-, reaction products with dicyclopentadiene and isobutylene",68610-51-5,,DTXSID7028776,,323,323_OPPTDB,EPA OPPT,-,acute,human health,rat,oral,>,5010,mg/kg-day,,#¡DIV/0!,#¡DIV/0!,,-,https://nepis.epa.gov/,,184228,ToxVal00039_7fb84e90a500b9c5
,"Isooctadecanoic acid, reaction products with tetraethylenepentamine",68784-17-8,,DTXSID6028810,,324,324_OPPTDB,EPA OPPT,-,acute,human health,rat,oral,>,5000,mg/kg-day,,#¡DIV/0!,#¡DIV/0!,,-,https://nepis.epa.gov/,,184229,ToxVal00039_9df9a599551a085f
,sec-Butylurea,689-11-2,CCC(C)NC(N)=O,DTXSID8027294,,325,325_OPPTDB,EPA OPPT,-,acute,human health,rat,oral,<,17000,mg/kg-day,116.163,0.1463,0.8346,,-,https://nepis.epa.gov/,,184230,ToxVal00039_7cc1f648ee66a56c
,Triphenyl phosphates isopropylated,68937-41-7,CC(C)c(cc1)ccc1OP(Oc1ccc(C(C)C)cc1)(Oc1ccc(C(C)C)cc1)=O,DTXSID4028880,,326,326_OPPTDB,EPA OPPT,-,acute,human health,rat,oral,>,5000,mg/kg-day,452.529,0.0110,1.9567,,-,https://nepis.epa.gov/,,184231,ToxVal00039_0917b2188f7ecdfb
,"Oxirane, reaction products with ammonia, distn. residues",68953-70-8,,DTXSID4028913,,327,327_OPPTDB,EPA OPPT,-,acute,human health,rat,oral,>,1000,mg/kg-day,,#¡DIV/0!,#¡DIV/0!,,-,https://nepis.epa.gov/,,184232,ToxVal00039_3f48eccc6464842c
,"Oxirane, reaction products with ammonia, distn. residues",68953-70-8,,DTXSID4028913,,328,328_OPPTDB,EPA OPPT,-,acute,human health,rat,oral,>,2000,mg/kg-day,,#¡DIV/0!,#¡DIV/0!,,-,https://nepis.epa.gov/,,184233,ToxVal00039_3f48eccc6464842c
,"Oxirane, reaction products with ammonia, distn. residues",68953-70-8,,DTXSID4028913,,329,329_OPPTDB,EPA OPPT,-,acute,human health,rat,oral,>,5000,mg/kg-day,,#¡DIV/0!,#¡DIV/0!,,-,https://nepis.epa.gov/,,184234,ToxVal00039_3f48eccc6464842c
,"Disulfides, dialkyl and di-Ph, naphtha sweetening",68955-96-4,,DTXSID8028929,,330,330_OPPTDB,EPA OPPT,-,acute,human health,rat,oral,=,1590,mg/kg-day,,#¡DIV/0!,#¡DIV/0!,,-,https://nepis.epa.gov/,,184235,ToxVal00039_92835990a218c196
,"Disulfides, dialkyl and di-Ph, naphtha sweetening",68955-96-4,,DTXSID8028929,,331,331_OPPTDB,EPA OPPT,-,acute,human health,rat,oral,=,1700,mg/kg-day,,#¡DIV/0!,#¡DIV/0!,,-,https://nepis.epa.gov/,,184236,ToxVal00039_92835990a218c196
,Ethyl cyanoacrylate,7085-85-0,CCOC(C(C#N)=C)=O,DTXSID1025279,,332,332_OPPTDB,EPA OPPT,-,acute,human health,rat,oral,>,5000,mg/kg-day,125.127,0.0400,1.3984,,-,https://nepis.epa.gov/,,184237,ToxVal00039_aa1c25d63ba142f0
,"Resin acids and Rosin acids, fumarated, decyl esters",71243-68-0,,DTXSID4029010,,333,333_OPPTDB,EPA OPPT,-,acute,human health,rat,oral,>,5000,mg/kg-day,,#¡DIV/0!,#¡DIV/0!,,-,https://nepis.epa.gov/,,184238,ToxVal00039_f7573a4e892f0d08
,"Nitric acid, reaction products with cyclododecanol and cyclododecanone, by-products from, high-boiling fraction",72162-23-3,,DTXSID8029020,,334,334_OPPTDB,EPA OPPT,-,acute,human health,rat,oral,>,5000,mg/kg-day,,#¡DIV/0!,#¡DIV/0!,,-,https://nepis.epa.gov/,,184239,ToxVal00039_ff91ef95f19d4e2c
,Dibromomethane,74-95-3,BrCBr,DTXSID4021557,,335,335_OPPTDB,EPA OPPT,-,acute,human health,rabbit,oral,=,1000,mg/kg-day,173.835,0.0058,2.2401,,-,https://nepis.epa.gov/,,184240,ToxVal00039_9bb87f7d86cf4daf
,Dibromomethane,74-95-3,BrCBr,DTXSID4021557,,336,336_OPPTDB,EPA OPPT,-,acute,human health,rabbit,oral,>,1000,mg/kg-day,173.835,0.0058,2.2401,,-,https://nepis.epa.gov/,,184241,ToxVal00039_9bb87f7d86cf4daf
,Dibromomethane,74-95-3,BrCBr,DTXSID4021557,,337,337_OPPTDB,EPA OPPT,-,acute,human health,rat,oral,=,108,mg/kg-day,173.835,0.0006,3.2067,,-,https://nepis.epa.gov/,,184242,ToxVal00039_9bb87f7d86cf4daf
,Bromoethane,74-96-4,CCBr,DTXSID6020199,,338,338_OPPTDB,EPA OPPT,-,acute,human health,rat,oral,=,1350,mg/kg-day,108.966,0.0124,1.9070,,-,https://nepis.epa.gov/,,184243,ToxVal00039_c47d6cc4ec69fe2b
,tert-Butyl alcohol,75-65-0,CC(C)(C)O,DTXSID8020204,,339,339_OPPTDB,EPA OPPT,-,acute,human health,rat,oral,=,2733,-,74.1224,0.0369,1.4333,,-,https://nepis.epa.gov/,,184244,ToxVal00039_52fb3c349e0eca1d
,"3,3-Dimethyl-2-butanone",75-97-8,CC(C)(C)C(C)=O,DTXSID5021752,,340,340_OPPTDB,EPA OPPT,-,acute,human health,rat,oral,>,1000,mg/kg-day,100.16,0.0100,2.0007,,-,https://nepis.epa.gov/,,184245,ToxVal00039_bc00ab8b1b222193
,"5,5-Dimethylhydantoin",77-71-4,CC(C)(C(N1)=O)NC1=O,DTXSID5021754,,341,341_OPPTDB,EPA OPPT,-,acute,human health,rat,oral,>,5000,mg/kg-day,128.131,0.0390,1.4087,,-,https://nepis.epa.gov/,,184246,ToxVal00039_1f67e39de3c03bdc
,Tromethamine,77-86-1,NC(CO)(CO)CO,DTXSID2023723,,342,342_OPPTDB,EPA OPPT,-,acute,human health,mouse,oral,>,3000,mg/kg-day,121.135,0.0248,1.6061,,-,https://nepis.epa.gov/,,184247,ToxVal00039_edbb098459946254
,Tromethamine,77-86-1,NC(CO)(CO)CO,DTXSID2023723,,343,343_OPPTDB,EPA OPPT,-,acute,human health,mouse,oral,=,5500,mg/kg-day,121.135,0.0454,1.3429,,-,https://nepis.epa.gov/,,184248,ToxVal00039_edbb098459946254
,Acetyl tributyl citrate,77-90-7,CCCCOC(CC(CC(OCCCC)=O)(C(OCCCC)=O)OC(C)=O)=O,DTXSID2026446,,344,344_OPPTDB,EPA OPPT,-,acute,human health,rat,oral,>,31500,mg/kg-day,402.482,0.0783,1.1064,,-,https://nepis.epa.gov/,,184249,ToxVal00039_38ed0bfb8a781ee0
,Acetyl tributyl citrate,77-90-7,CCCCOC(CC(CC(OCCCC)=O)(C(OCCCC)=O)OC(C)=O)=O,DTXSID2026446,,345,345_OPPTDB,EPA OPPT,-,acute,human health,unknown,oral,>,52460,mg/kg-day,402.482,0.1303,0.8849,,-,https://nepis.epa.gov/,,184250,ToxVal00039_38ed0bfb8a781ee0
,Azobisisobutyronitrile,78-67-1,CC(C)(C#N)N=NC(C)(C)C#N,DTXSID1026457,,346,346_OPPTDB,EPA OPPT,-,acute,human health,rat,oral,=,360,mg/kg-day,164.211,0.0022,2.6591,,-,https://nepis.epa.gov/,,184251,ToxVal00039_be9dc34b6e4a15f8
,"1,2-Dichloropropane",78-87-5,CC(CCl)Cl,DTXSID0020448,,347,347_OPPTDB,EPA OPPT,-,acute,human health,rat,oral,=,2200,mg/kg-day,112.987,0.0195,1.7106,,-,https://nepis.epa.gov/,,184252,ToxVal00039_e32fc3ffe172155b
,Chloroacetyl chloride,79-04-9,O=C(CCl)Cl,DTXSID4026472,,348,348_OPPTDB,EPA OPPT,-,acute,human health,rat,oral,<,1260,mg/kg-day,112.943,0.0112,1.9525,,-,https://nepis.epa.gov/,,184253,ToxVal00039_6793a806fbf3e2e2
,Chloroacetyl chloride,79-04-9,O=C(CCl)Cl,DTXSID4026472,,349,349_OPPTDB,EPA OPPT,-,acute,human health,rat,oral,=,207,mg/kg-day,112.943,0.0018,2.7369,,-,https://nepis.epa.gov/,,184254,ToxVal00039_6793a806fbf3e2e2
,Chloroacetyl chloride,79-04-9,O=C(CCl)Cl,DTXSID4026472,,350,350_OPPTDB,EPA OPPT,-,acute,human health,rat,oral,>,2500,mg/kg-day,112.943,0.0221,1.6549,,-,https://nepis.epa.gov/,,184255,ToxVal00039_6793a806fbf3e2e2
,Acrylic acid,79-10-7,C=CC(O)=O,DTXSID0039229,,351,351_OPPTDB,EPA OPPT,-,acute,human health,rabbit,oral,=,140,mg/kg-day,72.0628,0.0019,2.7116,,-,https://nepis.epa.gov/,,184256,ToxVal00039_1257a3389a057a2f
,Chloroacetic acid,79-11-8,OC(CCl)=O,DTXSID4020901,,352,352_OPPTDB,EPA OPPT,-,acute,human health,mouse,oral,=,165,mg/kg-day,94.4968,0.0017,2.7579,,-,https://nepis.epa.gov/,,184257,ToxVal00039_af2dc3acfa414007
,Chloroacetic acid,79-11-8,OC(CCl)=O,DTXSID4020901,,353,353_OPPTDB,EPA OPPT,-,acute,human health,rat,oral,=,90.4,mg/kg-day,94.4968,0.0010,3.0192,,-,https://nepis.epa.gov/,,184258,ToxVal00039_af2dc3acfa414007
,Glycolic acid,79-14-1,OCC(O)=O,DTXSID0025363,,354,354_OPPTDB,EPA OPPT,-,acute,human health,rat,oral,=,1938,mg/kg-day,76.0508,0.0255,1.5938,,-,https://nepis.epa.gov/,,184259,ToxVal00039_6ca2f7e4d8d77d5e
,2-Nitropropane,79-46-9,CC(C)[N+]([O-])=O,DTXSID6020981,,355,355_OPPTDB,EPA OPPT,-,acute,human health,rabbit,oral,=,500,mg/kg-day,89.0936,0.0056,2.2509,,-,https://nepis.epa.gov/,,184260,ToxVal00039_de68bb3108b1d4c5
,Dimethyl phosphonate,868-85-9,COP(OC)=O,DTXSID5020493,,356,356_OPPTDB,EPA OPPT,-,acute,human health,rat,oral,=,1350,mg/kg-day,110.049,0.0123,1.9113,,-,https://nepis.epa.gov/,,184261,ToxVal00039_090e4ebf9960f230
,Dimethyl phosphonate,868-85-9,COP(OC)=O,DTXSID5020493,,357,357_OPPTDB,EPA OPPT,-,acute,human health,rat,oral,=,1500,mg/kg-day,110.049,0.0136,1.8655,,-,https://nepis.epa.gov/,,184262,ToxVal00039_090e4ebf9960f230
,Dimethyl phosphonate,868-85-9,COP(OC)=O,DTXSID5020493,,358,358_OPPTDB,EPA OPPT,-,acute,human health,mouse,oral,=,4280,mg/kg-day,110.049,0.0389,1.4101,,-,https://nepis.epa.gov/,,184263,ToxVal00039_090e4ebf9960f230
,Symclosene,87-90-1,O=C(N(C(N(C1=O)Cl)=O)Cl)N1Cl,DTXSID2026523,,359,359_OPPTDB,EPA OPPT,-,acute,human health,rat,oral,=,1300,mg/kg-day,232.41,0.0056,2.2523,,-,https://nepis.epa.gov/,,184264,ToxVal00039_454802deeef2f54a
,Symclosene,87-90-1,O=C(N(C(N(C1=O)Cl)=O)Cl)N1Cl,DTXSID2026523,,360,360_OPPTDB,EPA OPPT,-,acute,human health,rat,oral,=,1500,mg/kg-day,232.41,0.0065,2.1902,,-,https://nepis.epa.gov/,,184265,ToxVal00039_454802deeef2f54a
,Symclosene,87-90-1,O=C(N(C(N(C1=O)Cl)=O)Cl)N1Cl,DTXSID2026523,,361,361_OPPTDB,EPA OPPT,-,acute,human health,rat,oral,=,787,mg/kg-day,232.41,0.0034,2.4703,,-,https://nepis.epa.gov/,,184266,ToxVal00039_454802deeef2f54a
,Symclosene,87-90-1,O=C(N(C(N(C1=O)Cl)=O)Cl)N1Cl,DTXSID2026523,,362,362_OPPTDB,EPA OPPT,-,acute,human health,rat,oral,=,809,mg/kg-day,232.41,0.0035,2.4583,,-,https://nepis.epa.gov/,,184267,ToxVal00039_454802deeef2f54a
,Symclosene,87-90-1,O=C(N(C(N(C1=O)Cl)=O)Cl)N1Cl,DTXSID2026523,,363,363_OPPTDB,EPA OPPT,-,acute,human health,rat,oral,=,868,mg/kg-day,232.41,0.0037,2.4277,,-,https://nepis.epa.gov/,,184268,ToxVal00039_454802deeef2f54a
,"1,3,4-Thiadiazole, 2,5-bis(tert-nonyldithio)-",89347-09-1,,DTXSID9029063,,364,364_OPPTDB,EPA OPPT,-,acute,human health,rat,oral,>,10000,mg/kg-day,,#¡DIV/0!,#¡DIV/0!,,-,https://nepis.epa.gov/,,184269,ToxVal00039_097f537f7ce99877
,N-Phenyl-1-naphthylamine,90-30-2,c(cc1)ccc1Nc1cccc2ccccc12,DTXSID2025892,,365,365_OPPTDB,EPA OPPT,-,acute,human health,rat,oral,>,5000,mg/kg-day,219.286,0.0228,1.6420,,-,https://nepis.epa.gov/,,184270,ToxVal00039_5980eb464d03d32d
,Sodium (nonanoyloxy)benzenesulfonate,91125-43-8,CCCCCCCCC(Oc(cccc1)c1S([O-])(=O)=O)=O.[Na+],DTXSID7029825,,366,366_OPPTDB,EPA OPPT,-,acute,human health,rat,oral,=,6030,mg/kg-day,336.383,0.0179,1.7465,,-,https://nepis.epa.gov/,,184271,ToxVal00039_cf13b3c6bd24cbf3
,N-(2-Methoxyphenyl)-3-oxobutanamide,92-15-9,CC(CC(Nc(cccc1)c1OC)=O)=O,DTXSID9026558,,367,367_OPPTDB,EPA OPPT,-,acute,human health,rat,oral,=,1637,mg/kg-day,207.228,0.0079,2.1024,,-,https://nepis.epa.gov/,,184272,ToxVal00039_a50dafd416cb5131
,gamma-Butyrolactone,96-48-0,O=C1OCCC1,DTXSID6020224,,368,368_OPPTDB,EPA OPPT,-,acute,human health,rat,oral,=,1693,mg/kg-day,86.0896,0.0197,1.7063,,-,https://nepis.epa.gov/,,184273,ToxVal00039_25f444322d2779bf
,"1,3-Dioxolan-2-one",96-49-1,O=C1OCCO1,DTXSID2026600,,369,369_OPPTDB,EPA OPPT,-,acute,human health,rat,oral,>,5000,mg/kg-day,88.0618,0.0568,1.2458,,-,https://nepis.epa.gov/,,184274,ToxVal00039_86d34be0a72c37c0
,Cumene,98-82-8,CC(C)c1ccccc1,DTXSID1021827,,370,370_OPPTDB,EPA OPPT,-,acute,human health,rat,oral,=,1400,mg/kg-day,120.194,0.0116,1.9338,,-,https://nepis.epa.gov/,,184275,ToxVal00039_36f794985492dd76
,Cumene,98-82-8,CC(C)c1ccccc1,DTXSID1021827,,371,371_OPPTDB,EPA OPPT,-,acute,human health,unknown,oral,>,2910,mg/kg-day,120.194,0.0242,1.6160,,-,https://nepis.epa.gov/,,184276,ToxVal00039_36f794985492dd76
,Acetophenone,98-86-2,CC(c1ccccc1)=O,DTXSID6021828,,372,372_OPPTDB,EPA OPPT,-,acute,human health,rat,oral,=,3000,mg/kg-day,120.151,0.0250,1.6026,,-,https://nepis.epa.gov/,,184277,ToxVal00039_7bd56bd2515bc2ea
,Acetophenone,98-86-2,CC(c1ccccc1)=O,DTXSID6021828,,373,373_OPPTDB,EPA OPPT,-,acute,human health,unknown,oral,=,3200,mg/kg-day,120.151,0.0266,1.5746,,-,https://nepis.epa.gov/,,184278,ToxVal00039_7bd56bd2515bc2ea
,Acetophenone,98-86-2,CC(c1ccccc1)=O,DTXSID6021828,,374,374_OPPTDB,EPA OPPT,-,acute,human health,rat,oral,=,900,mg/kg-day,120.151,0.0075,2.1255,,-,https://nepis.epa.gov/,,184279,ToxVal00039_7bd56bd2515bc2ea
,Benzoyl chloride,98-88-4,O=C(c1ccccc1)Cl,DTXSID9026631,,375,375_OPPTDB,EPA OPPT,-,acute,human health,unknown,oral,=,1900,mg/kg-day,140.569,0.0135,1.8691,,-,https://nepis.epa.gov/,,184280,ToxVal00039_4cf52525c897e322
,Benzoyl chloride,98-88-4,O=C(c1ccccc1)Cl,DTXSID9026631,,376,376_OPPTDB,EPA OPPT,-,acute,human health,rat,oral,=,1900,mg/kg-day,140.569,0.0135,1.8691,,-,https://nepis.epa.gov/,,184281,ToxVal00039_4cf52525c897e322
,Benzoyl chloride,98-88-4,O=C(c1ccccc1)Cl,DTXSID9026631,,377,377_OPPTDB,EPA OPPT,-,acute,human health,rat,oral,=,2460,mg/kg-day,140.569,0.0175,1.7570,,-,https://nepis.epa.gov/,,184282,ToxVal00039_4cf52525c897e322
,Benzoyl chloride,98-88-4,O=C(c1ccccc1)Cl,DTXSID9026631,,378,378_OPPTDB,EPA OPPT,-,acute,human health,unknown,oral,=,2528,mg/kg-day,140.569,0.0180,1.7451,,-,https://nepis.epa.gov/,,184283,ToxVal00039_4cf52525c897e322
,Benzoyl chloride,98-88-4,O=C(c1ccccc1)Cl,DTXSID9026631,,379,379_OPPTDB,EPA OPPT,-,acute,human health,unknown,oral,=,2618,mg/kg-day,140.569,0.0186,1.7299,,-,https://nepis.epa.gov/,,184284,ToxVal00039_4cf52525c897e322
,Benzoyl chloride,98-88-4,O=C(c1ccccc1)Cl,DTXSID9026631,,380,380_OPPTDB,EPA OPPT,-,acute,human health,unknown,oral,=,3619,mg/kg-day,140.569,0.0257,1.5893,,-,https://nepis.epa.gov/,,184285,ToxVal00039_4cf52525c897e322
,"1,2-Dimethyl-4-nitrobenzene",99-51-4,Cc(cc1)c(C)cc1[N+]([O-])=O,DTXSID2025133,,381,381_OPPTDB,EPA OPPT,-,acute,human health,rat,oral,=,2636,mg/kg-day,151.164,0.0174,1.7585,,-,https://nepis.epa.gov/,,184286,ToxVal00039_de5ac72917c3404e
,p-Cymene,99-87-6,CC(C)c1ccc(C)cc1,DTXSID3026645,,382,382_OPPTDB,EPA OPPT,-,acute,human health,rat,oral,=,3200,mg/kg-day,134.221,0.0238,1.6227,,-,https://nepis.epa.gov/,,184287,ToxVal00039_193c34ccf8b8a442
,p-Cymene,99-87-6,CC(C)c1ccc(C)cc1,DTXSID3026645,,383,383_OPPTDB,EPA OPPT,-,acute,human health,rat,oral,=,4750,mg/kg-day,134.221,0.0354,1.4511,,-,https://nepis.epa.gov/,,184288,ToxVal00039_193c34ccf8b8a442
